GoodRateShow,FBnumber,keyword,GeneralCount,PreferentialPrice,ProductID,p_Name,type,PoorCount,GoodCount,CommentCount,price,shop_name
97,3片,质量不错 风扇不错 安装方便 风力很大 造型美观 噪音很小 使用方便 底座很稳 安全节能 风很柔和,20,159.00,4483854,格力（GREE）FD-4033-WG 三叶机械落地扇/电风扇,落地扇,10,1200,1300,239.00,格力生活电器旗舰店
97,7片及以上,风扇不错 噪音很小 质量不错 造型美观 风很柔和 安装方便 扇网坚固 底座很稳 风力很大 颜色漂亮 风很柔和 安装方便,10,258.00,4424976,美的（Midea）FTS30-17A 家用升降转页扇/台地扇/电风扇,台扇,10,700,700,299.00,美的两季品旗舰店
93,3片,造型美观 遥控方便 风扇不错 使用方便 质量不错 风很柔和 底座很稳 远程遥控 噪音很小 电机好 造型美观 使用方便 远程遥控,20,375.00,1646215823,【京东配送】IRIS/爱丽思空气循环扇电风扇家用台式扇遥控定时静音摇头扇PCF-C18C,台扇，空气循环扇,9,400,500,588.00,爱丽思幸辉国际专卖店
100,无叶,质量不错 使用方便 风扇不错 风很柔和 噪音很小 安装方便 遥控方便 造型美观 安全节能 底座很稳 风扇不错 质量不错 安装方便 颜色漂亮 噪音很小 风很柔和 使用方便 造型美观 安全节能 风很柔和 安装方便 电机好 安装方便 造型美观 遥控方便 扇网坚固 噪音很小 安全节能 造型美观 遥控方便 底座很稳 质量不错 底座很稳 遥控方便 风扇不错 噪音很小 安全节能 适合宝宝 底座很稳 造型美观 质量不错 风扇不错 颜色漂亮 质量不错 底座很稳 质量不错 噪音很小 造型美观 安全节能 遥控方便,10,599.00,1672335439,爱家乐 电风扇AX100  无叶风扇 台式落地扇 家用空气循环扇 自然风 遥控,落地扇，台扇,10,3600,3700,1998.00,爱家乐旗舰店
92,5片,还可以吧 风扇不错 使用方便 质量不错 风力很大 风很柔和 噪音很小 底座很稳 电机好 安装方便,3000,59.00,598507,赛亿(Shinee)电风扇/台式转页扇/定时台扇/五风叶学生床头换气鸿运风扇KYT25-1,转页扇，台扇，空气循环扇，风扇伴侣,1100,44000,48000,149.00,赛亿两季品旗舰店
93,5片,风力很大 安装方便 风扇不错 质量不错 使用方便 底座很稳 噪音很小 风很柔和 电机好 声音小,8100,99.00,383871,华生（Wahson）FS40-1102 电风扇/落地扇/风扇,落地扇，空气循环扇,3600,140000,150000,169.00,华生旗舰店
93,3片,使用方便 风扇不错 质量不错 风很柔和 噪音很小 安全节能 底座很稳 安装方便 风力很大 电机好 风很柔和 风力很大 质量不错 底座很稳 风很柔和 造型美观 使用方便,500,49.80,2393885,赛亿(Shinee)多功能USB电风扇/台夹扇/学生宿舍床头可台式壁挂移动迷你小风扇FTB6-01,转页扇，台扇，壁扇，空气循环扇，USB风扇，风扇伴侣,400,13000,14000,129.00,赛亿两季品旗舰店
94,5片,遥控方便 风扇不错 风力很大 安装方便 质量不错 使用方便 还可以吧 远程遥控 底座很稳 造型美观,1500,149.00,1058012,奥克斯（AUX）FS-40-A1626RC 电风扇/酷黑五扇叶遥控落地扇,落地扇，空气循环扇,600,41000,43000,399.00,奥克斯电风扇旗舰店
96,5片,风力很大 质量不错 风扇不错 噪音很小 安装方便 遥控方便 使用方便 造型美观 底座很稳 扇网坚固,40,159.00,10225600578,【京仓直送】先锋（Singfun）可定时落地立式冷风扇厨房卧室遥控静音大风力电风扇落地扇 DD1312遥控5叶,落地扇,30,1700,1800,498.00,先锋生活电器旗舰店
94,无叶,安装方便 质量不错 风很柔和 风扇不错 使用方便 噪音很小 造型美观 底座很稳 风力很大 安全节能 安装方便 安全节能 使用方便,200,199.00,2495965,荣事达（Royalstar）JD02T 电风扇/机械塔扇,塔扇，空气循环扇,100,5300,5600,399.00,荣事达（Royalstar）两季品旗舰店
PoorCount,CommentCount,ProductID,FBnumber,type,GeneralCount,keyword,GoodRateShow,GoodCount,price,shop_name,p_Name,PreferentialPrice
40,3100,10162152537,5片,转页扇,70,质量不错 噪音很小 风扇不错 使用方便 造型美观 风很柔和 风力很大 底座很稳 安全节能 颜色漂亮 质量不错 风扇不错 噪音很小 风很柔和,97,3000,298.00,格力明达丰专卖店,格力(GREE)KYT-2501A 家用床头静音台式转页扇 办公学生室宿舍电风扇鸿运扇,89.00
2,50,12880834230,3片,台扇，空气循环扇,1,远程遥控 造型美观 遥控方便 风扇不错 风很柔和 风力很大 噪音很小 广角送风 底座很稳 睡眠风不错,94,40,599.00,爱丽思幸辉国际专卖店,IRIS/爱丽思空气循环扇电风扇家用台式扇遥控定时上下摇头扇PCF-C18TC 白色,395.00
3,1000,10238255560,无叶,落地扇,10,质量不错 造型美观 噪音很小 使用方便 风扇不错 安全节能 风很柔和 遥控方便 安装方便 颜色漂亮 风很柔和 适合宝宝 适合宝宝 风很柔和 底座很稳 遥控方便 远程遥控 质量不错 颜色漂亮 扇网坚固 噪音很小 遥控方便 安全节能 使用方便 扇网坚固 使用方便 噪音很小 质量不错 颜色漂亮 底座很稳 造型美观 风很柔和,99,1000,999.00,爱家乐旗舰店,爱家乐电风扇AX102 COO 无叶风扇壁挂台式静音家用单冷落地扇空气循环扇,499.00
20,600,1536413477,无叶,塔扇,10,造型美观 使用方便 遥控方便 质量不错 颜色漂亮 风力很大 风扇不错 风很柔和 底座很稳 安装方便 风很柔和 底座很稳 适合宝宝 质量不错 造型美观 造型美观 风很柔和 风扇不错 噪音很小 颜色漂亮,93,600,1209.00,艾美特子云专卖店,艾美特(Airmate) 塔扇FTW57R无叶电风扇 节能省电 遥控,399.00
7,400,4077201,5片,落地扇,8,风很柔和 质量不错 安全节能 使用方便 风扇不错 造型美观 安装方便 遥控方便 电机好 风力很大 底座很稳 安全节能 噪音很小 使用方便 远程遥控 质量不错 扇网坚固 造型美观 广角送风 风扇不错 睡眠风不错 风很柔和 远程遥控 遥控方便 造型美观,96,300,399.00,海尔两季品旗舰店,海尔（Haier）FSY4071B 五叶遥控可定时方管电风扇/落地扇,199.00
1,100,4424980,7片及以上,落地扇,4,风很柔和 颜色漂亮 质量不错 噪音很小 安装方便 造型美观 安全节能 远程遥控 睡眠风不错 风扇不错 质量不错 扇网坚固 使用方便 安全节能 噪音很小 安全节能 睡眠风不错 风力很大 风很柔和 噪音很小 睡眠风不错 适合宝宝 噪音很小 远程遥控 远程遥控 安装方便 造型美观 电机好 噪音很小,95,100,1199.00,美的两季品旗舰店,美的（Midea）FS40-17AR 高端九叶变频遥控落地扇/电风扇,999.00
10,800,4593988,3片,转页扇，台扇,20,风扇不错 安装方便 使用方便 风力很大 造型美观 噪音很小 底座很稳 风很柔和 颜色漂亮 质量不错 噪音很小 造型美观,95,700,70.00,海纳斯两季品旗舰店,海纳斯（HANASS）M2-388 电风扇 家用转页扇迷你小风扇台式办公室鸿运扇/台扇,59.00
500,24000,2525453,5片,落地扇,900,安装方便 风力很大 风扇不错 质量不错 使用方便 颜色漂亮 底座很稳 造型美观 噪音很小 风很柔和 睡眠风不错 质量不错 安装方便 质量不错 风扇不错 风力很大 安装方便 质量不错 风力很大 安装方便 广角送风 质量不错 安全节能 快递不行 安装方便 使用方便,94,22000,199.00,长城官方旗舰店,长城（ CHANGCHENG）FS-40(601)电风扇/落地扇/炫酷五叶风扇,109.00
100,5800,857977,3片,台扇,200,使用方便 质量不错 风扇不错 风力很大 底座很稳 安装方便 风很柔和 噪音很小 还可以吧 声音小 使用方便 电机好 造型美观 安全节能 颜色漂亮 扇网坚固 造型美观 颜色漂亮 风力很大 风扇不错 使用方便,94,5400,179.00,美的两季品旗舰店,美的（Midea）FTW18-12L 台夹两用扇/电风扇,128.00
200,7600,608059,5片,落地扇，转页扇,600,还可以吧 安装方便 使用方便 质量不错 风扇不错 风力很大 风很柔和 噪音很小 底座很稳 安全节能 电机好 造型美观 底座很稳 颜色漂亮 扇网坚固,88,6600,188.00,华生旗舰店,华生（Wahson）KYT30-1101S 电风扇/升降式转页扇/风扇,99.00
500,46000,1058017,5片,落地扇，空气循环扇,1500,还可以吧 风扇不错 安装方便 风力很大 质量不错 使用方便 噪音很小 底座很稳 造型美观 颜色漂亮,96,43000,239.00,志高电风扇旗舰店,志高（CHIGO）FS-40-16A27 电风扇/炫彩五扇叶落地扇,119.00
100,10000,2593396,5片,转页扇,200,风扇不错 使用方便 质量不错 风力很大 风很柔和 颜色漂亮 噪音很小 造型美观 底座很稳 安全节能 底座很稳 质量不错 风很柔和 颜色漂亮 风力很大 底座很稳 风很柔和 使用方便 风力很大 风扇不错 质量不错,96,9900,199.00,先锋两季品旗舰店,先锋（Singfun）台式转页扇/电风扇DK3302,69.00
20,1100,1540230565,5片,壁扇,20,风扇不错 安装方便 质量不错 噪音很小 风力很大 使用方便 风很柔和 遥控方便 造型美观 远程遥控 质量不错 广角送风 扇网坚固 睡眠风不错 使用方便,96,1100,799.00,艾美特子云专卖店,艾美特(Airmate)遥控壁扇 FW3521R电风扇家用节能14吋摇头壁挂5片叶,239.00
0,50,12065927313,7片及以上,落地扇，转页扇，台扇,0,质量不错 造型美观 安装方便 使用方便 噪音很小 颜色漂亮 风扇不错 远程遥控 适合宝宝 安全节能 质量不错 噪音很小 使用方便,100,50,1699.00,瑞华精英电器专营店,小米（MI）电风扇 智米家用智能落地扇 直流变频落地扇 远程遥控 模拟自然风静音电风扇 智米电风扇,799.00
3,80,10567998731,无叶,落地扇，塔扇，空气循环扇,5,风很柔和 安全节能 使用方便 造型美观 质量不错 颜色漂亮 风力很大 安装方便 远程遥控 噪音很小 安全节能 噪音很小 使用方便 噪音很小 安全节能 风扇不错 造型美观 广角送风 风很柔和 适合宝宝 安全节能 安全节能 扇网坚固 质量不错 风力很大,90,70,2699.00,爱家乐生活电器专卖店, 爱家乐（AKIRA）AZ18塔扇无叶风扇落地扇静音空气循环扇,999.00
8,300,1415060,3片,吊扇,6,风扇不错 质量不错 噪音很小 安装方便 风力很大 使用方便 电机好 造型美观 风很柔和 颜色漂亮,96,300,469.00,TCL电风扇旗舰店,TCL FC-30T 电风扇/1400mm吊扇,159.00
10,700,3941989,无叶,塔扇,30,造型美观 风扇不错 广角送风 质量不错 使用方便 远程遥控 风很柔和 安装方便 电机好 噪音很小 使用方便 颜色漂亮 造型美观 广角送风 远程遥控 使用方便 底座很稳 风很柔和,94,600,399.00,长虹两季品旗舰店,长虹（CHANGHONG）电风扇塔扇/无叶风扇 大厦风扇/静音遥控家用风扇 CFS-TD2012R,239.00
0,200,1988725641,无叶,落地扇，塔扇，转页扇，台扇，空气循环扇，风扇伴侣,1,造型美观 使用方便 颜色漂亮 底座很稳 安装方便 噪音很小 适合宝宝 安全节能 远程遥控 电机好 风很柔和 睡眠风不错 适合宝宝 扇网坚固 广角送风 颜色漂亮 扇网坚固 遥控方便 造型美观,100,200,499.00,跨境数码全球购旗舰店,美的（Midea）电风扇落地塔扇家用静音遥控定时扇摇头宿舍学生办公室大厦扇台式扇无叶风扇 遥控版,329.00
8,800,2640223,无叶,没有对应数据,20,使用很方便 很方便携带 实用专业 有收藏性 使用很方便 很方便携带 使用很方便,96,800,299.00,安备京东自营户外旗舰店,安备 户外充电扇 电风扇 无绳风扇 落地扇 台式风扇 小风扇 5914白,259.00
1,100,12678455507,5片,落地扇，转页扇，台扇,3,风很柔和 质量不错 风力很大 使用方便 安全节能 风扇不错 安装方便 底座很稳 噪音很小 扇网坚固 风很柔和,96,100,299.00,格力欧楠专卖店,格力（GREE）电风扇KYSI-30D转页扇鸿运扇落地扇立式升降五叶定时静音风扇 KYSI-30D机械五叶扇,189.00
50,2400,1415042,3片,吊扇,90,风扇不错 质量不错 风力很大 安装方便 噪音很小 使用方便 风很柔和 造型美观 扇网坚固 安全节能,94,2300,599.00,志高电风扇旗舰店,志高（CHIGO） FC-30 电风扇/1400mm吊扇,159.00
200,5700,2743868,4片,台扇，USB风扇,200,使用方便 风扇不错 噪音很小 风很柔和 质量不错 安装方便 安全节能 扇网坚固 风力很大 底座很稳 风很柔和 颜色漂亮 造型美观 底座很稳 扇网坚固 使用方便 风力很大 安全节能 底座很稳 质量不错,92,5200,40.00,海纳斯两季品旗舰店,海纳斯 HANASS FS-0612电风扇USB迷你4寸轻音小风扇便携创意桌面办公风扇,19.90
0,50,1982756220,无叶,落地扇,0,风扇不错 使用方便 质量不错 风很柔和 颜色漂亮 安全节能 底座很稳 造型美观 噪音很小 电机好 质量不错 风扇不错 噪音很小 底座很稳 扇网坚固 使用方便 质量不错 风力很大 质量不错 遥控方便 风扇不错 安装方便 睡眠风不错,100,50,5998.00,cici国际海外旗舰店,戴森（Dyson）AM09无叶风扇取暖器电暖气电风扇 冷暖两用 白色,3180.00
8,200,11382961482,5片,吊扇,10,安装方便 风力很大 风扇不错 质量不错 使用方便 电机好 噪音很小 风很柔和 造型美观 广角送风 风力很大 质量不错,93,200,279.00,钻石牌非凡专卖店,钻石牌(DIAMOND)五叶吊扇/电风扇 1.4米56寸楼顶扇,239.00
4,100,11281378401,5片,转页扇,7,风扇不错 质量不错 噪音很小 风很柔和 安装方便 造型美观 底座很稳 广角送风 颜色漂亮 睡眠风不错 风扇不错 噪音很小 造型美观 安装方便 风扇不错 广角送风,94,100,249.00,美的绿灯侠专卖店,美的（Midea）KYS30-5A 台式风扇落地台扇 升降转页扇静音定时鸿运扇,229.00
9,300,1569293724,无叶,塔扇,9,造型美观 质量不错 遥控方便 安装方便 风扇不错 噪音很小 使用方便 风力很大 安全节能 底座很稳 遥控方便 噪音很小 安全节能 造型美观 遥控方便 造型美观,94,300,1029.00,艾美特子云专卖店,艾美特(Airmate)电风扇FTW56R 遥控塔扇无叶风扇 黑色,349.00
5,1900,11499240424,无叶,塔扇,10,风很柔和 安全节能 扇网坚固 适合宝宝 风力很大 造型美观 底座很稳 噪音很小 颜色漂亮 远程遥控 风很柔和 风扇不错 噪音很小 安全节能 适合宝宝,99,1800,569.00,桑普官方旗舰店,桑普(Sampux)电风扇塔扇 遥控家用静音母婴塔式大厦扇 立式摇头无叶风扇台式落地扇电扇 柠檬绿96型,298.00
50,4400,1592809,5片,台扇,100,风扇不错 质量不错 噪音很小 风力很大 安装方便 使用方便 底座很稳 风很柔和 电机好 睡眠风不错,96,4200,129.00,长城官方旗舰店,长城（CHANGCHENG）FT-30（1）电风扇/12寸台扇,89.00
3,100,11635526041,无叶,落地扇，塔扇，台扇，空气循环扇,0,风力很大 噪音很小 安全节能 风很柔和 广角送风 电机好 适合宝宝 远程遥控 底座很稳 造型美观,98,100,1299.00,欧麦斯旗舰店,欧麦斯Air-H5 无叶风扇 落地式风扇 家用电扇  空气循环扇 电风扇塔扇 无扇叶台扇 月光白,599.00
30,1100,10252499036,3片,工业扇,30,风力很大 风扇不错 使用方便 扇网坚固 安装方便 底座很稳 电机好 质量不错 噪音很小 安全节能 电机好 广角送风 质量不错 使用方便 安全节能 使用方便 扇网坚固 风力很大 噪音很小 质量不错 底座很稳 广角送风,94,1000,360.00,先创旗舰店,先创（XIANCHUANG）电风扇大/工业风扇/落地扇/牛角扇 750标准款网罩80CM,249.00
30,1100,1540374,无叶,塔扇,40,使用方便 遥控方便 质量不错 风扇不错 风力很大 造型美观 风很柔和 底座很稳 远程遥控 安全节能 造型美观 风扇不错 睡眠风不错 安装方便 电机好 风力很大 广角送风 风扇不错 质量不错 遥控方便 远程遥控,93,1000,1099.00,艾美特生活电器旗舰店,艾美特(Airmate) FTA57R-WJ 智能塔扇/电风扇 京东微联APP控制,399.00
40,1400,1566209583,3片,落地扇,30,质量不错 风力很大 噪音很小 风扇不错 安装方便 造型美观 底座很稳 使用方便 颜色漂亮 电机好,94,1300,526.00,格力小家电专营店,GREE/格力风扇 FD-4012-WG 家用静音电风扇定时节能落地扇,169.00
10,700,11301837456,3片,落地扇,10,使用方便 安全节能 颜色漂亮 风力很大 噪音很小 扇网坚固 风很柔和 造型美观 底座很稳 睡眠风不错,96,600,189.00,格力清力专卖店,格力电风扇落地扇家用FD-4012-WG宿舍办公电扇定时静音学生落地风扇,149.00
5,400,4483858,3片,壁扇,8,使用方便 风扇不错 噪音很小 风力很大 安装方便 造型美观 质量不错 风很柔和 电机好 扇网坚固 安装方便 使用方便 颜色漂亮 电机好 风扇不错,97,400,239.00,格力生活电器旗舰店,格力（GREE）FB-4005-WG  壁扇/三叶扇/电风扇,199.00
10,2300,11731136370,5片,落地扇,10,噪音很小 风力很大 颜色漂亮 电机好 造型美观 底座很稳 安全节能 广角送风 安装方便 质量不错 颜色漂亮 风力很大 底座很稳 噪音很小 电机好,99,2200,599.00,立尚专营店,扬子（YANGZI)FS-40-808 电风扇落地扇五叶家用电扇 机械款,99.00
20,2500,2599499,5片,落地扇,30,质量不错 噪音很小 安装方便 遥控方便 造型美观 风很柔和 风扇不错 风力很大 底座很稳 使用方便 安装方便 噪音很小 造型美观 质量不错 安装方便 扇网坚固 电机好 风力很大 质量不错 造型美观 睡眠风不错 遥控方便 噪音很小 风很柔和 扇网坚固 风扇不错,97,2500,399.00,格力生活电器旗舰店,格力（GREE）FD-4026Bg5-wg 遥控式落地扇/电风扇,269.00
2,80,1982076396,无叶,塔扇,1,使用方便 造型美观 质量不错 噪音很小 安全节能 底座很稳 安装方便 风扇不错 风力很大 风很柔和 风扇不错,97,80,4999.00,富瑞康全球购专营店,Dyson戴森 无叶风扇  电风扇  静音安全无叶风扇 落地 柔和自然风 AM08 dyson无叶风扇  银白色,2799.00
7,400,11331588170,3片,落地扇,10,安装方便 使用方便 造型美观 电机好 安全节能 扇网坚固 噪音很小 质量不错 底座很稳 颜色漂亮,97,400,179.00,悦联专营店,格力电风扇家用落地扇FD-4020-WG宿舍立式静音学生落地摇头风扇,129.00
4,400,10564821238,无叶,落地扇，台扇，空气循环扇,7,质量不错 风扇不错 风力很大 使用方便 颜色漂亮 造型美观 适合宝宝 底座很稳 安全节能 扇网坚固 噪音很小 颜色漂亮 电机好 风扇不错 风很柔和 风扇不错 适合宝宝 质量不错,98,400,2299.00,爱家乐生活电器专卖店,爱家乐AX100电风扇落地无叶风扇家用空气循环扇台式风扇 蓝色,599.00
5,200,11704349111,7片及以上,落地扇,2,质量不错 风很柔和 遥控方便 远程遥控 安装方便 使用方便 颜色漂亮 底座很稳 造型美观 噪音很小,97,200,799.00,格力傲信专卖店,格力（GREE)电风扇 直流变频 遥控 落地扇 7风叶 FDZ-40X65Bg7 淡蓝色,369.00
10,700,1083231,5片,落地扇,30,声音小 还可以吧 一般 噪音很小 造型美观 风很柔和 质量不错 底座很稳 电机好 遥控方便 颜色漂亮 噪音很小 遥控方便 使用方便 底座很稳 噪音很小 电机好 风力很大 质量不错 颜色漂亮,94,600,699.00,艾美特生活电器旗舰店,艾美特(Airmate) FSW62R 直流变频遥控落地扇/电风扇,549.00
0,40,5101708,7片及以上,落地扇,2,风力很大 噪音很小 使用方便 造型美观 颜色漂亮 电机好 安装方便 广角送风 风很柔和 底座很稳 适合宝宝 风很柔和 造型美观 噪音很小 使用方便 广角送风 风很柔和 造型美观 底座很稳 风很柔和 扇网坚固 颜色漂亮 造型美观 风力很大,96,40,2099.00,艾美特生活电器旗舰店,艾美特(Airmate) FS4081SR 七叶遥控智能语音控制落地扇/电风扇/风扇,999.00
10,2100,11803292050,无叶,台扇,10,噪音很小 颜色漂亮 电机好 安全节能 风力很大 适合宝宝 造型美观 底座很稳 质量不错 广角送风 广角送风 风力很大 电机好 造型美观 使用方便 适合宝宝 电机好 风扇不错 风很柔和 底座很稳 睡眠风不错 风很柔和 噪音很小 使用方便 颜色漂亮,98,2000,699.00,立尚专营店,扬子（YANGZI）FT-B 遥控塔扇/无叶家用电风扇/立式风扇 经典款   机械,149.00
50,2700,10285311769,5片,壁扇,60,遥控方便 使用方便 远程遥控 质量不错 风很柔和 风扇不错 风力很大 安装方便 噪音很小 造型美观,96,2600,389.00,先科SAST专卖店,先科（SAST）电风扇壁扇壁挂风扇吊扇静音家用宿舍电扇 遥控/机械 16寸 302-R 遥控款,109.00
10,200,10502318585,5片,落地扇,10,遥控方便 风扇不错 安装方便 风很柔和 使用方便 风力很大 噪音很小 质量不错 安全节能 扇网坚固,89,200,2190.00,艾美特旗舰店,艾美特(Airmate)【到手价199】五叶遥控落地扇/电风扇FS4092R-WA,239.00
1000,29000,608054,6片,转页扇，台扇,2100,还可以吧 使用方便 风扇不错 质量不错 风力很大 风很柔和 颜色漂亮 造型美观 噪音很小 安全节能 简单大方 风很柔和 造型美观 颜色漂亮 睡眠送风 使用方便,89,26000,99.00,华生旗舰店,华生（Wahson）KYT25-1102 电风扇/台式转页扇（蓝色）/风扇,59.00
50,3400,11394819237,5片,落地扇,40,安装方便 颜色漂亮 使用方便 风力很大 风扇不错 造型美观 质量不错 广角送风 噪音很小 底座很稳 使用方便 质量不错 风很柔和 安全节能 安装方便 风很柔和 风力很大 睡眠风不错 颜色漂亮 底座很稳 颜色漂亮 使用方便 噪音很小 睡眠风不错 底座很稳,97,3300,599.00,富士宝专营店,扬子（YANGZI)FS-40-808 电风扇落地扇五叶家用电扇 （五叶）机械款,98.00
5,400,11778321390,5片,落地扇,10,颜色漂亮 质量不错 造型美观 遥控方便 风很柔和 底座很稳 安全节能 远程遥控 风扇不错 使用方便 噪音很小 安装方便 风扇不错 安装方便 风扇不错,97,400,318.00,格力清力专卖店,格力（GREE）KYS-3001B-WG遥控电风扇家用静音五叶落地扇学生宿舍转叶扇,238.00
0,30,4533792,7片及以上,落地扇,2,风扇不错 睡眠风不错 使用方便 噪音很小 质量不错 颜色漂亮 造型美观 适合宝宝 风很柔和 电机好 睡眠风不错 使用方便 噪音很小 质量不错 质量不错 安全节能 风扇不错,94,30,2099.00,艾美特生活电器旗舰店,艾美特(Airmate) FS40101R 七叶遥控直流变频落地扇/电风扇,1199.00
4,100,5008878,无叶,塔扇,6,底座很稳 造型美观 扇网坚固 质量不错 遥控方便 风很柔和 使用方便 噪音很小 安装方便 安全节能 使用方便 风扇不错 质量不错 扇网坚固 底座很稳 颜色漂亮 安全节能 质量不错 造型美观 底座很稳,93,100,699.00,北欧欧慕厨电旗舰店,北欧欧慕（nathome）遥控塔扇静音电风扇 NFS04R 银灰色,399.00
2,100,3871795,7片及以上,落地扇,2,风很柔和 底座很稳 遥控方便 噪音很小 造型美观 质量不错 安全节能 使用方便 远程遥控 风扇不错 风力很大 适合宝宝 遥控方便 安全节能 风很柔和 底座很稳 睡眠风不错 适合宝宝 噪音很小 扇网坚固 质量不错 使用方便 底座很稳 风很柔和 电机好,96,90,819.00,美的两季品旗舰店,美的（Midea）FS40-17CR 九叶变频遥控落地扇/电风扇,799.00
7,400,1397829,5片,落地扇,10,声音小 噪音很小 风很柔和 安装方便 质量不错 电机好 颜色漂亮 使用方便 安全节能 适合宝宝 噪音很小 安全节能 电机好,94,300,499.00,先锋两季品旗舰店,先锋（Singfun）DD3302 五叶直流变频落地扇/电风扇 ,329.00
5,300,1646264862,3片,台扇，空气循环扇,10,造型美观 质量不错 底座很稳 风很柔和 风扇不错 广角送风 安全节能 噪音很小 使用方便 颜色漂亮 风扇不错 安全节能 声音小 质量不错 风很柔和 噪音很小 底座很稳 广角送风 睡眠风不错 质量不错 噪音很小,96,300,988.00,爱丽思幸辉国际专卖店,日本IRIS/爱丽思空气循环扇电风扇家用台式对流扇静音摇头台扇PCF-M18C,268.00
200,13000,608026,3片,壁扇，空气循环扇,600,还可以吧 安装方便 风扇不错 质量不错 风力很大 使用方便 噪音很小 造型美观 风很柔和 广角送风 遥控方便 电机好 风力很大,94,12000,178.00,华生旗舰店,华生（Wahson）FB40-1205 电风扇/机械壁扇/风扇,89.00
30,1000,2539182,无叶,塔扇,30,造型美观 风扇不错 噪音很小 质量不错 遥控方便 使用方便 风很柔和 安装方便 远程遥控 广角送风 遥控方便 适合宝宝,93,900,499.00,澳柯玛两季品旗舰店,澳柯玛（AUCMA）FS-08M605(Y) 90度旋转遥控定时塔扇/电风扇,359.00
40,1500,10361617230,5片,台扇,30,风扇不错 质量不错 安装方便 使用方便 颜色漂亮 风力很大 造型美观 风很柔和 底座很稳 噪音很小 颜色漂亮 质量不错,94,1400,119.00,永生旗舰店,永生（eosin）FT-35 台扇 电风扇/桌面电风扇/办公室电扇,99.00
40,300,12314250095,4片,落地扇,20,安装方便 风力很大 使用方便 风扇不错 电机好 造型美观 安全节能 遥控方便 适合宝宝 底座很稳,82,300,299.00,卓润专营店,碧利沙电风扇落地扇家用静音机械台式风扇宿舍学生工业电扇大风力 机械升级款,79.00
9,900,4579850,6片,转页扇，台扇,30,风扇不错 质量不错 颜色漂亮 风力很大 风很柔和 使用方便 适合宝宝 睡眠风不错 扇网坚固 广角送风 风扇不错 风力很大 颜色漂亮,95,900,99.00,长城官方旗舰店,长城（CHANGCHENG）KYT-25（16）台式转页扇/电风扇/鸿运扇/台式学生宿舍家用风扇,59.00
400,28000,11712189720,5片,吊扇,700,安装方便 噪音很小 质量不错 风很柔和 使用方便 风扇不错 造型美观 风力很大 睡眠风不错 颜色漂亮,95,27000,71.00,中联生活电器旗舰店,ZOLEE中联FG10-42小吊扇 床上风扇 家用 床上蚊帐扇 静音宿舍电风扇 微风吊扇 单品,39.80
40,3000,1370376,3片,壁扇,100,安装方便 遥控方便 风力很大 使用方便 质量不错 风扇不错 噪音很小 远程遥控 风很柔和 广角送风,96,2900,299.00,华生旗舰店,华生（Wahson）FB40-1205Y 电风扇/遥控壁扇/风扇,99.00
100,5500,2790361,无叶,塔扇,200,使用方便 风很柔和 颜色漂亮 安装方便 噪音很小 风扇不错 质量不错 造型美观 风力很大 安全节能,94,5100,299.00,韩国现代（HYUNDAI)两季品旗舰店,HYUNDAI 现代电风扇/机械塔扇/落地扇TS01J,139.00
2,500,4575056,5片,壁扇,9,安装方便 风扇不错 风力很大 使用方便 风很柔和 质量不错 噪音很小 颜色漂亮 广角送风 电机好 风扇不错 广角送风 扇网坚固 风力很大 使用方便,98,500,189.00,华生旗舰店,华生（Wahson）FB30-B401 电风扇/机械壁扇/风扇,89.00
20,2700,1058058,4片,壁扇,50,风扇不错 风力很大 质量不错 安装方便 噪音很小 使用方便 造型美观 风很柔和 安全节能 电机好 噪音很小 质量不错 广角送风,97,2700,599.00,TCL电风扇旗舰店,TCL FW-40-CT1602 电风扇/四扇叶壁扇,129.00
0,50,12480321642,5片,落地扇，转页扇，台扇，空气循环扇,2,使用方便 风扇不错 造型美观 遥控方便 噪音很小 颜色漂亮 适合宝宝 安装方便 噪音很小 风扇不错 颜色漂亮 适合宝宝 造型美观 造型美观 遥控方便,96,40,1099.00,格力TOSOT旗舰店,格力（GREE）电风扇/雾化加湿风扇/遥控落地扇/家用喷雾扇 WKY-30X60Bh5 白浅蓝,899.00
9,400,1350514,3片,工业扇，壁扇,6,风力很大 质量不错 风扇不错 安装方便 使用方便 噪音很小 电机好 底座很稳 扇网坚固 广角送风 质量不错 使用方便 安全节能 安装方便,97,400,499.00,华生旗舰店,华生（Wahson）FL75-B 电风扇/工业扇/工业壁扇/风扇,259.00
20,1300,4761364,6片,转页扇，台扇,20,风扇不错 使用方便 风很柔和 颜色漂亮 质量不错 噪音很小 造型美观 风力很大 安全节能 适合宝宝,96,1200,99.00,卡帝亚两季品旗舰店,卡帝亚（ Kadeer） KYT-25A1台式转页扇/电风扇,55.00
1,400,1987583779,3片,USB风扇，风扇伴侣,4,噪音很小 风很柔和 广角送风 造型美观 安全节能 电机好 底座很稳 质量不错 使用方便 风扇不错 风力很大 安全节能 底座很稳 使用方便 扇网坚固 底座很稳 电机好 睡眠风不错 风很柔和 风力很大 电机好 安装方便 扇网坚固 风力很大 睡眠风不错,99,400,299.00,跨境数码全球购旗舰店,NUTK 手持小风扇 USB可充电风扇 学生迷你便携办公室家用 电脑桌面台式移动静音小风扇 绿色,199.00
5,100,12266665899,无叶,塔扇,6,风扇不错 风很柔和 质量不错 噪音很小 造型美观 底座很稳 安全节能 广角送风 颜色漂亮 安装方便 安装方便 风很柔和 噪音很小 电机好 造型美观,93,100,599.00,TCL新云尚专卖店,TCL塔扇/电风扇/落地扇 静音摇头立式风扇 机械款,189.00
30,3700,1058013,4片,壁扇,80,遥控方便 安装方便 风扇不错 使用方便 质量不错 风力很大 噪音很小 远程遥控 安全节能 造型美观 遥控方便,97,3600,369.00,奥克斯电风扇旗舰店,奥克斯（AUX）FW-40-C1601RC 电风扇/四扇叶遥控壁扇,149.00
100,6500,608060,5片,落地扇，转页扇,600,还可以吧 遥控方便 安装方便 远程遥控 声音小 风扇不错 使用方便 质量不错 风很柔和 风力很大,88,5700,258.00,华生旗舰店,华生（Wahson）KYT30-1201SY 电风扇/遥控升降转页扇/风扇,129.00
7,400,4899822,5片,转页扇,10,质量不错 安全节能 风力很大 风扇不错 颜色漂亮 扇网坚固 电机好 噪音很小 广角送风 风很柔和 风力很大 造型美观 噪音很小 睡眠风不错,95,400,139.00,荣事达（Royalstar）两季品旗舰店,荣事达（Royalstar）电风扇/台式转页扇/定时台扇/五风叶学生床头换气鸿运风扇JD15Z,59.00
6,100,1415062,5片,落地扇，空气循环扇,10,质量不错 风很柔和 底座很稳 造型美观 安全节能 扇网坚固 遥控方便 噪音很小 安装方便 声音小,90,100,1399.00,奥克斯电风扇旗舰店,奥克斯（AUX) FS-40-A1649RC 电风扇/喷雾加湿风扇/冷风扇/遥控落地扇/雾化扇 白色,599.00
4,300,2418608,4片,落地扇，工业扇，空气循环扇,5,风力很大 质量不错 风扇不错 底座很稳 扇网坚固 使用方便 噪音很小 安装方便 电机好 颜色漂亮 安装方便 底座很稳 风扇不错,97,200,899.00,奥克斯电风扇旗舰店,奥克斯（AUX）FS-75 电风扇/工业扇/落地扇/商务扇,379.00
3,300,10175593020,5片,落地扇，空气循环扇,8,安装方便 使用方便 风力很大 风扇不错 底座很稳 电机好 造型美观 扇网坚固 风很柔和 颜色漂亮 电机好 风力很大 使用方便,96,300,699.00,灿坤旗舰店,【下单立减30！】灿坤（eupa)空气循环电风扇 落地扇家用办公室TSK-F8103,448.00
10,500,10423671988,无叶,塔扇,20,造型美观 安装方便 遥控方便 风很柔和 使用方便 质量不错 风扇不错 远程遥控 底座很稳 广角送风 广角送风 底座很稳 遥控方便 风很柔和 质量不错 风扇不错 底座很稳 安装方便 安装方便 风扇不错 造型美观 噪音很小 安全节能 风力很大 风扇不错 质量不错 风力很大 使用方便,94,400,369.00,美的小家电官方旗舰店,美的（Midea）塔扇 静音遥控电扇 落地扇 FZ10-15BRW ,359.00
20,400,10158203830,5片,落地扇,10,风扇不错 安装方便 风很柔和 风力很大 使用方便 噪音很小 质量不错 远程遥控 造型美观 扇网坚固 安全节能 噪音很小 风扇不错 风力很大 造型美观 底座很稳 风扇不错 使用方便 噪音很小 颜色漂亮,92,400,2190.00,艾美特华安专卖店,艾美特（AIRMATE）【到手价199】FS4092R-WA 家用五叶遥控落地扇/电风 黑色,249.00
6,300,1595907,3片,工业扇,10,质量不错 风力很大 底座很稳 风扇不错 扇网坚固 安装方便 电机好 使用方便 安全节能 颜色漂亮 360°摇头 远程遥控 底座很稳 质量不错 颜色漂亮,95,300,358.00,长城官方旗舰店,长城（CHANGCHENG）FL-65 电风扇 工业扇工厂车间厂房落地扇,299.00
0,20,12094748620,7片及以上,落地扇，空气循环扇,0,风很柔和 扇网坚固 风扇不错 风力很大 质量不错 造型美观 噪音很小 安全节能 电机好 适合宝宝 扇网坚固 风扇不错 安全节能 风很柔和 使用方便,100,20,2999.00,莱克(LEXY)旗舰店,莱克新品 魔力风智能空气循环调节扇F501 电风扇落地家用摇头立式静音 ,2499.00
30,1900,2525481,5片,台扇,50,风扇不错 风力很大 安装方便 风很柔和 质量不错 使用方便 噪音很小 造型美观 底座很稳 颜色漂亮 使用方便 造型美观 颜色漂亮 底座很稳 噪音很小 广角送风 噪音很小 睡眠风不错 风扇不错 安装方便 风力很大 扇网坚固,95,1800,159.00,澳柯玛两季品旗舰店,澳柯玛（AUCMA）FT-30N612 5叶AS扇叶台扇/电风扇,98.00
3,100,12266727905,5片,落地扇，台扇，工业扇,0,噪音很小 风扇不错 使用方便 遥控方便 质量不错 颜色漂亮 底座很稳 风很柔和 广角送风 安装方便,98,100,299.00,格力伟宏专卖店,格力（GREE）FD-4025Bah5-WG 五叶遥控落地扇 电风扇 家用静音大风量 ,218.00
0,40,1982773103,无叶,落地扇,0,质量不错 造型美观 风很柔和 使用方便 颜色漂亮 风扇不错 安全节能 扇网坚固 风力很大 适合宝宝 风力很大 造型美观 质量不错 颜色漂亮 睡眠风不错 适合宝宝 电机好 使用方便 风扇不错 质量不错 质量不错 颜色漂亮 质量不错 造型美观 使用方便 风很柔和 质量不错 使用方便 质量不错 质量不错 风很柔和,100,40,4190.00,骏扬国际海外专营店,戴森（Dyson）AM09无叶风扇取暖器电暖气电风扇 冷暖两用 黑色,3180.00
10,700,1412489,5片,落地扇，工业扇，空气循环扇,8,风力很大 风扇不错 质量不错 安装方便 颜色漂亮 使用方便 噪音很小 底座很稳 电机好 扇网坚固 质量不错 风力很大,97,700,699.00,奥克斯电风扇旗舰店,奥克斯( AUX)  FS-45A 电风扇/18寸工业落地扇,199.00
2,700,2392329,5片,落地扇，台扇,10,质量不错 噪音很小 风很柔和 风扇不错 安装方便 遥控方便 造型美观 电机好 睡眠风不错 使用方便 造型美观 质量不错 风力很大 睡眠风不错 噪音很小 扇网坚固 底座很稳 扇网坚固 安全节能 安装方便 遥控方便 底座很稳,98,700,659.00,MORITA旗舰店,森田（MORITA） SZ-AR30H 5叶智能遥控电风扇/落地扇/台立扇,399.00
8,100,10681468361,5片,落地扇,7,安装方便 颜色漂亮 质量不错 造型美观 扇网坚固 遥控方便 安全节能 风扇不错 底座很稳 远程遥控,89,100,2290.00,艾美特旗舰店,艾美特(Airmate)【到手价219】电风扇家用落地扇FS4092R-WB立式台扇,269.00
20,800,10130163662,5片,转页扇，台扇,30,噪音很小 风很柔和 使用方便 质量不错 风扇不错 电机好 风力很大 睡眠风不错 底座很稳 安装方便 质量不错 噪音很小 广角送风 风力很大 电机好 风扇不错 噪音很小 使用方便 造型美观 电机好 噪音很小 质量不错 噪音很小 使用方便 底座很稳 质量不错,94,800,199.00,格力傲信专卖店,格力（GREE)电风扇家用 KYT-2501 台扇 转页扇 定时 倾倒断电,129.00
10,400,10162122072,3片,落地扇,20,风扇不错 安装方便 噪音很小 风力很大 使用方便 底座很稳 颜色漂亮 扇网坚固 质量不错 风很柔和 风力很大 风扇不错 造型美观 电机好 底座很稳,93,400,299.00,格力TOSOT旗舰店,格力（GREE) FD-4012a-WG电风扇家用落地扇办公室静音三叶定时电扇 白色,169.00
2,100,1959717473,7片及以上,落地扇,2,质量不错 使用方便 安装方便 风扇不错 风力很大 底座很稳 颜色漂亮 造型美观 安全节能 风很柔和 安装方便 扇网坚固 造型美观 颜色漂亮 底座很稳 颜色漂亮 噪音很小 风扇不错 质量不错 睡眠风不错 风力很大 造型美观 使用方便 安全节能 电机好 噪音很小 质量不错 安装方便 风力很大 质量不错,98,100,4599.00,通汇国际全球购生活电器专营店,kamomefan 电风扇 落地静音台式 智能家用遥控摇头落地扇 302D 白色款,1588.00
0,10,4533776,无叶,塔扇,0,噪音很小 质量不错 造型美观 适合宝宝 颜色漂亮 风很柔和 电机好 底座很稳 安全节能 遥控方便 造型美观 噪音很小 风很柔和 遥控方便 电机好 质量不错 安全节能 电机好 噪音很小 风很柔和 颜色漂亮 适合宝宝 底座很稳 造型美观 颜色漂亮 质量不错 噪音很小 适合宝宝 睡眠风不错,100,10,2099.00,艾美特生活电器旗舰店,艾美特(Airmate) FT67UR 遥控水雾塔扇/电风扇,999.00
4,400,10392478829,3片,台扇，空气循环扇,7,质量不错 造型美观 使用方便 噪音很小 风扇不错 扇网坚固 电机好 睡眠风不错 安全节能 风很柔和,97,400,488.00,爱丽思幸辉国际专卖店,【京东配送】日本IRIS/爱丽思空气循环扇电风扇家用台式对流扇静音摇头台扇PCF-M15C 白色,248.00
4,100,10254910887,7片及以上,落地扇,4,远程遥控 噪音很小 风很柔和 睡眠风不错 底座很稳 安全节能 质量不错 安装方便 颜色漂亮 适合宝宝,94,100,648.00,格力TOSOT旗舰店,大松（TOSOT）电风扇/7叶遥控直流变频落地扇/静音风扇FSZ-3008Bg7,498.00
0,100,12490169736,5片,转页扇,2,扇网坚固 风很柔和 安装方便 使用方便 噪音很小 风扇不错 遥控方便 颜色漂亮 广角送风 造型美观 广角送风 风很柔和 底座很稳,98,100,699.00,美的护理旗舰店,美的（Midea）KYS30-10CR 家用电风扇升降定时静音转页扇 落地扇 带遥控,269.00
0,100,11893777868,5片,落地扇,2,底座很稳 扇网坚固 造型美观 风很柔和 噪音很小 风力很大 适合宝宝 广角送风 电机好 颜色漂亮 噪音很小 安装方便 遥控方便 风扇不错,99,100,369.00,美的环境电器旗舰店,美的电风扇FS40-17JRW家用立式变频遥控落地扇超静音摇头台式电扇,329.00
90,2800,11781356481,5片,落地扇,100,风力很大 质量不错 风很柔和 安装方便 噪音很小 使用方便 颜色漂亮 造型美观 扇网坚固 底座很稳,93,2600,139.00,凯迪电器官方旗舰店,凯迪 电风扇家用落地扇静音办公室宿舍电扇摇头定时立式风扇非遥控风扇 A21黑色定时,89.00
0,30,11968421258,7片及以上,落地扇,0,使用方便 质量不错 电机好 遥控方便 噪音很小 风扇不错 风力很大 底座很稳 睡眠风不错 安全节能 电机好 风力很大 噪音很小 使用方便 广角送风,100,30,899.00,小米弘祥信盛专卖店,小米（MI）电风扇 智米落地扇智能遥控直流变频自然风静音落地扇 小米电风扇-白色,799.00
1,200,1988711942,无叶,落地扇，塔扇,1,风扇不错 使用方便 电机好 风力很大 颜色漂亮 风很柔和 底座很稳 睡眠风不错 扇网坚固 遥控方便 扇网坚固 睡眠风不错,100,200,599.00,跨境数码全球购旗舰店,TCL电风扇家用静音塔扇遥控定时落地扇摇头宿舍大厦扇台式扇无叶风扇 机械版,199.00
7,100,11524626939,无叶,塔扇,1,安全节能 质量不错 睡眠风不错 适合宝宝 风很柔和 风力很大 风扇不错 遥控方便 颜色漂亮 安装方便,93,100,319.00,美的环境电器旗舰店,美的（Midea）FZ10-17DW 塔扇无叶风扇/家用电风扇/静音立式风扇 白色,269.00
5,200,12880202279,5片,落地扇,7,风力很大 风扇不错 安全节能 底座很稳 安装方便 造型美观 质量不错 广角送风 扇网坚固 颜色漂亮 风力很大,95,200,169.00,日彩旗舰店,日彩（RICAI）FS-40-AR1603家用床头定时落地扇 节能立式办公室静音电风扇 黑色,79.00
6,200,11317342671,7片及以上,塔扇,10,风扇不错 遥控方便 造型美观 远程遥控,91,200,698.00,艾美特子云专卖店,艾美特(Airmate)电风扇塔扇 FT47R-W 无叶风扇大厦风扇 静音 遥控家用香熏盒 黑色,269.00
60,3400,2495918,5片,壁扇,80,安装方便 质量不错 风扇不错 风力很大 使用方便 安全节能 噪音很小 风很柔和 电机好 广角送风,96,3200,299.00,康佳两季品旗舰店,康佳（KONKA）壁扇/电风扇/ 机械式壁扇/不带遥控KF-40W03,99.00
0,100,4899806,5片,台扇,4,风扇不错 使用方便 颜色漂亮 安全节能 广角送风 造型美观 安装方便 电机好 底座很稳 噪音很小,97,100,199.00,荣事达（Royalstar）两季品旗舰店,荣事达（Royalstar）台式五风叶电风扇/台扇JD26T,99.00
30,800,11374377414,3片,台扇,30,风扇不错 使用方便 造型美观 安全节能 安装方便 颜色漂亮 质量不错 风很柔和 噪音很小 风力很大,92,700,99.00,凌耀生活电器旗舰店,凌耀（LINGYAO）LY-031大白卡通台式小电风扇办公室台扇学生宿舍迷你节能风扇转页扇,38.00
2,100,12395337004,5片,落地扇，空气循环扇,5,安装方便 远程遥控 底座很稳 遥控方便 安全节能 质量不错 广角送风 风扇不错 使用方便 颜色漂亮,96,100,299.00,奥克斯旗舰店,奥克斯(AUX) 遥控静音五叶升降落地扇/电风扇/风扇FS-40-1640RC,145.00
20,1100,1536539063,5片,转页扇,30,噪音很小 风很柔和 风扇不错 质量不错 使用方便 颜色漂亮 底座很稳 声音小 风力很大 安全节能 噪音很小 风扇不错 安装方便 360°摇头 扇网坚固 噪音很小 质量不错 风力很大 安全节能 风扇不错 安装方便 质量不错 噪音很小 造型美观 底座很稳 质量不错 风很柔和 噪音很小 质量不错,95,1100,459.00,艾美特子云专卖店,艾美特(Airmate) 台式转页扇FBW32T2L 定时12吋 金属后网,149.00
4,100,12396200647,无叶,塔扇,9,质量不错 噪音很小 广角送风 风很柔和 造型美观 颜色漂亮 电机好 遥控方便 适合宝宝 安装方便 风很柔和 广角送风 使用方便 质量不错 噪音很小 造型美观,93,100,699.00,TCL丁丁专卖店,TCL塔扇/电风扇/落地扇/摇头立式定时静音无叶遥控大夏扇 白色遥控款,239.00
1,30,1972691092,无叶,落地扇,1,,94,30,7999.00,海淘商全球购专营店,戴森Dyson 家用无叶冷暖风扇AM05/AM09  加湿净化AM10 静音 AM09-白色 冷暖两用,2988.00
30,1900,838037,5片,落地扇,90,还可以吧 风扇不错 安装方便 风力很大 使用方便 质量不错 底座很稳 声音小 颜色漂亮 造型美观,93,1800,259.00,先锋两季品旗舰店,先锋（Singfun）电风扇/落地扇DD1221,129.00
10,1000,10226879113,3片,落地扇，台扇，工业扇,10,风力很大 风扇不错 使用方便 质量不错 电机好 广角送风 安装方便 扇网坚固 噪音很小 安全节能 安装方便 使用方便 安全节能 造型美观 底座很稳 电机好 风力很大 风扇不错,96,900,269.00,先创旗舰店,【京东配送】先创BL-P大工业风扇/电风扇台式/趴地扇/落地扇/台扇/台地扇 【20寸工业商用】【转速1320】【风量7200】,249.00
60,5400,2501328,3片,转页扇，台扇，空气循环扇，风扇伴侣,100,风扇不错 质量不错 风力很大 使用方便 造型美观 风很柔和 颜色漂亮 噪音很小 安全节能 底座很稳 风扇不错 风力很大 质量不错 造型美观 风力很大,96,5200,139.00,奥克斯电风扇旗舰店,奥克斯（AUX）FO-18A6 电风扇/台扇/转页扇/办公鸿运扇/床头扇,59.00
70,4200,2501316,4片,台扇，壁扇，空气循环扇，USB风扇,100,风扇不错 使用方便 噪音很小 质量不错 风很柔和 安全节能 颜色漂亮 底座很稳 风力很大 造型美观 广角送风 质量不错 风很柔和 造型美观,94,4000,99.00,TCL电风扇旗舰店,TCL FO-18T2 电风扇/7寸USB风扇/台扇/夹扇/床头小风扇,59.00
20,1400,1443863,6片,转页扇,50,风扇不错 质量不错 使用方便 遥控方便 安装方便 噪音很小 造型美观 风很柔和 风力很大 远程遥控,94,1400,299.00,澳柯玛两季品旗舰店,澳柯玛（AUCMA）KYT-30ND03(Y) 遥控升降式转页扇/电风扇,169.00
5,100,4674874,无叶,塔扇,10,使用方便 安装方便 噪音很小 造型美观 风很柔和 颜色漂亮 安全节能 电机好 风扇不错 广角送风,92,100,299.00,卡帝亚两季品旗舰店,卡帝亚（Kadeer） FT-TS45A塔扇/电风扇,159.00
1,60,11274497954,无叶,塔扇,2,风很柔和 造型美观 使用方便 风很柔和 造型美观 使用方便,95,50,799.00,美的绿灯侠专卖店,美的（Midea）AD120-S遥控智能冷风扇冷暖两用家用节能静音 冷风机,759.00
3,300,4813074,4片,台扇,10,噪音很小 安全节能 风力很大 质量不错 造型美观 使用方便 安装方便 颜色漂亮 风扇不错 风很柔和 遥控方便 扇网坚固,96,300,169.00,美菱自营两季旗舰店,美菱（MeiLing）FT-30A(3） 电风扇四叶台式转页扇,109.00
20,800,1547642818,3片,吊扇,40,风扇不错 质量不错 安装方便 噪音很小 使用方便 风力很大 风很柔和 电机好 扇网坚固 底座很稳 广角送风 遥控方便 风力很大 使用方便 睡眠风不错 质量不错 造型美观 安装方便 底座很稳 遥控方便 质量不错,92,800,229.00,艾美特子云专卖店,艾美特(Airmate)电风扇 1.2米吊扇纯铜电机  吸顶扇48吋家用楼顶扇,149.00
1,100,11793940755,4片,落地扇,2,适合宝宝 遥控方便 使用方便 风扇不错 造型美观 扇网坚固 电机好 质量不错 风力很大 安装方便,97,100,899.00,莱帕专营店,蝙蝠(bianfu)BV-1 电风扇/雾化加湿风扇/遥控落地扇/家用喷雾扇 玫瑰金,489.00
60,2500,2684361,7片及以上,USB风扇,90,风扇不错 噪音很小 造型美观 使用方便 质量不错 风很柔和 风力很大 颜色漂亮 底座很稳 安全节能 颜色漂亮 声音小,94,2300,169.00,北欧欧慕厨电旗舰店,瑞典北欧欧慕（nathome）NFS405 电风扇 USB桌面型小风扇 双排扇叶电风扇 迷你办公型电风扇 低噪音 白色,99.00
20,1100,10216036678,5片,落地扇,40,底座很稳 风力很大 安装方便 使用方便 风扇不错 安全节能 噪音很小 扇网坚固 质量不错 造型美观 使用方便,94,1100,399.00,先锋生活电器旗舰店,先锋（Singfun）机械落地立式电风扇落地扇电风扇大风量家用宿舍电风扇 DD1701机械5叶,109.00
30,1300,10382105914,3片,吊扇,40,风力很大 质量不错 风扇不错 噪音很小 使用方便 电机好 风很柔和 安装方便 安全节能 底座很稳 颜色漂亮 安装方便 质量不错 风扇不错,94,1200,269.00,远东电器旗舰店,【京东配送】远东FC-30电风扇1400mm吊扇 钢铁静音 56寸家用楼顶扇 1.4米白色吊扇,139.00
30,2100,10343440517,5片,落地扇,40,风扇不错 风力很大 质量不错 安装方便 造型美观 使用方便 噪音很小 风很柔和 底座很稳 颜色漂亮 安装方便 安装方便 风力很大 造型美观,97,2000,269.00,先科SAST专卖店,先科（SAST）电风扇落地扇升降静音落地风扇家用宿舍电扇 机械款219,99.00
100,2400,1547674827,3片,吊扇,90,质量不错 风扇不错 风力很大 安装方便 使用方便 电机好 噪音很小 风很柔和 造型美观 安全节能 使用方便 风力很大 质量不错 质量不错 质量不错 安装方便 质量不错 扇网坚固 使用方便,91,2200,229.00,艾美特子云专卖店,艾美特(Airmate)电风扇 吊扇 吸顶扇 纯铜电机1.4米56吋 家用楼顶扇,149.00
1,40,3918831,5片,转页扇,1,遥控方便 电机好 质量不错 远程遥控 睡眠风不错 使用方便 扇网坚固 造型美观 噪音很小 适合宝宝 风很柔和 远程遥控 电机好,96,40,2099.00,艾美特生活电器旗舰店,艾美特(Airmate) FB3060RI 遥控直流变频转页扇/电风扇,999.00
0,10,10285327635,无叶,落地扇,0,,100,10,3880.00,沃拿多旗舰店,美国进口VORNADO沃拿多涡流空气对流循环扇795C家用落地扇电风扇 浅灰色,3298.00
2,50,1959831939,无叶,落地扇,0,质量不错 远程遥控 噪音很小 颜色漂亮 质量不错 远程遥控 噪音很小 颜色漂亮 使用方便 电机好 噪音很小 远程遥控 风力很大 遥控方便 电机好 睡眠风不错 造型美观 安装方便 风扇不错 遥控方便 质量不错 风扇不错 风很柔和,96,50,6999.00,跨境网专营店,dyson戴森无叶风扇 家用空气净化器TP02/TP03 落地电风扇 台式塔扇 TP03银白（除甲醛/TP02升级版）,4599.00
100,8000,2417500,5片,转页扇，台扇,300,使用方便 风扇不错 质量不错 风力很大 造型美观 风很柔和 安全节能 颜色漂亮 噪音很小 安装方便 风扇不错 风力很大 质量不错 噪音很小 造型美观 广角送风 颜色漂亮 风力很大,94,7600,89.00,韩国现代（HYUNDAI)两季品旗舰店,HYUNDAI 现代电风扇/台式转页扇/换气扇KYT25-A1,59.00
4,200,12109625802,5片,转页扇，台扇,5,风很柔和 噪音很小 使用方便 风扇不错 造型美观 质量不错 安全节能 遥控方便 适合宝宝 风力很大 风扇不错 扇网坚固 电机好 远程遥控 底座很稳,96,200,129.00,格力鼎格专卖店,格力（GREE）KYT-2501灰色家用床头静音小台扇台式转页扇 迷你办公室学生宿舍电风扇,109.00
8,1100,1985115382,6片,吊扇,5,电机好 远程遥控 底座很稳 安全节能 风很柔和 扇网坚固 使用方便 噪音很小 遥控方便 风力很大 电机好 安装方便 适合宝宝 扇网坚固 广角送风 电机好 遥控方便 风力很大 质量不错 安装方便 使用方便 远程遥控 适合宝宝,99,1100,199.00,瑪斯沃科3C全球购专营店,TCL小吊扇家用迷你微风扇学生床上静音宿舍床头蚊帐电风扇吊扇 标准款,59.00
500,23000,1058054,5片,落地扇，空气循环扇,1100,还可以吧 遥控方便 安装方便 风扇不错 风力很大 使用方便 质量不错 远程遥控 底座很稳 风很柔和,93,21000,399.00,TCL电风扇旗舰店,TCL FS-40-AT1630RC 电风扇/炫彩五扇叶遥控落地扇,149.00
2,200,1646363693,3片,台扇，空气循环扇,2,风扇不错 风很柔和 风力很大 质量不错 使用方便 造型美观 睡眠风不错 底座很稳 噪音很小 颜色漂亮 广角送风 噪音很小 底座很稳 睡眠风不错 颜色漂亮 造型美观 风力很大 质量不错 噪音很小 风扇不错 底座很稳 风力很大 质量不错 风扇不错 造型美观 睡眠风不错 电机好 质量不错 广角送风 风很柔和,98,200,769.00,爱丽思幸辉国际专卖店,【京东配送】日本IRIS/爱丽思空气循环扇电风扇家用台式摇头对流扇台扇CFA-187C白色,199.00
0,10,12515453827,6片,台扇,0,噪音很小 质量不错 安全节能 电机好 广角送风 睡眠风不错 风很柔和 遥控方便 扇网坚固 风力很大 噪音很小 安全节能 遥控方便 扇网坚固 睡眠风不错 电机好,100,10,1599.00,莱克(LEXY)旗舰店,莱克新品 电风扇 魔力风智能空气调节扇F301 家用台式电风扇,1299.00
10,600,10382099690,5片,吊扇，欧式仿古扇,10,风扇不错 风力很大 造型美观 质量不错 噪音很小 广角送风 安装方便 使用方便 电机好 扇网坚固 风扇不错 风力很大 造型美观 质量不错 电机好,95,600,568.00,远东电器旗舰店,【京东配送】远东电风扇FC-30B 五叶吊扇 钢铁静音1400mm 56寸 家用楼顶扇 五叶白色吊扇,229.00
1,100,11521084349,无叶,空气循环扇,2,颜色漂亮 风力很大 安装方便 质量不错 使用方便 风很柔和 遥控方便 安全节能 噪音很小 广角送风,98,100,1999.00,信一暖臣专卖店,信一FT-50B10R韩国电风扇台扇静音家用台式大风力无叶风扇净化空气对流循环扇,698.00
2,100,11606347829,7片及以上,落地扇,2,质量不错 使用方便 安装方便 底座很稳 睡眠风不错 扇网坚固 质量不错 安装方便 颜色漂亮 造型美观 质量不错 使用方便 造型美观 质量不错 使用方便 质量不错 使用方便 安装方便 颜色漂亮 使用方便 颜色漂亮 造型美观 使用方便,98,100,458.00,格力清力专卖店,格力（GREE）FS-3005BG7-WG落地扇电风扇家用七叶电扇定时立式静音学生 遥控,338.00
2,100,12050214119,5片,转页扇,1,使用方便 风很柔和 广角送风 噪音很小 底座很稳 质量不错 遥控方便 电机好 安全节能 风力很大,98,100,159.00,美的绿灯侠专卖店,美的（Midea）电风扇转页扇KYT30-15AW宿舍台式鸿运扇家用台扇12寸电扇包邮,159.00
100,7600,2390878,5片,落地扇,200,遥控方便 风力很大 风扇不错 安装方便 质量不错 使用方便 底座很稳 安全节能 风很柔和 噪音很小 颜色漂亮 噪音很小 底座很稳 质量不错 风力很大 风力很大 造型美观,94,7200,299.00,赛亿两季品旗舰店,赛亿(Shinee)五叶遥控电风扇/落地扇/升降家用静音电风扇FS40-17A,129.00
2,100,10322959765,3片,工业扇,3,风扇不错 风力很大 使用方便 噪音很小 扇网坚固 广角送风 安装方便 颜色漂亮 电机好 安全节能 使用方便 风扇不错 质量不错 使用方便 电机好 安装方便 广角送风 噪音很小 风扇不错 颜色漂亮 造型美观 风力很大,95,100,2560.00,信德电器专营店,机灵(JILING)L12 喷雾风扇/商用电风扇 水雾工业户外落地扇/水冷降温大风扇 20寸大风力,1280.00
70,4100,1487820,6片,落地扇，转页扇,100,安装方便 风扇不错 质量不错 使用方便 噪音很小 风很柔和 声音小 造型美观 风力很大 安全节能 风很柔和 远程遥控 噪音很小 底座很稳 噪音很小 风很柔和,94,3900,199.00,康佳两季品旗舰店,康佳（KONKA）电风扇/落地电风扇/升降式转页扇KF-35ZL33 ,139.00
0,100,4155341,无叶,塔扇,5,安装方便 安全节能 底座很稳 使用方便 造型美观 风扇不错 风力很大 广角送风 睡眠风不错 遥控方便 造型美观 安装方便 风扇不错 电机好 安全节能 安全节能 遥控方便 风力很大 睡眠风不错 安装方便 质量不错 遥控方便 广角送风 安装方便 睡眠风不错 噪音很小 安装方便 风力很大 广角送风,96,100,699.00,北欧欧慕厨电旗舰店,北欧欧慕（nathome）遥控塔扇静音电风扇 NFS150R 白色,399.00
3,800,3978705,3片,落地扇,3,风扇不错 风力很大 安装方便 使用方便 颜色漂亮 噪音很小 造型美观 风很柔和 电机好 质量不错 安装方便 广角送风 风力很大 电机好 遥控方便 安装方便 颜色漂亮 睡眠风不错 扇网坚固 电机好 风很柔和 睡眠风不错 安全节能 广角送风 质量不错 风力很大 风扇不错 颜色漂亮 质量不错 噪音很小 造型美观 颜色漂亮 安全节能 风很柔和 安装方便 适合宝宝,100,800,199.00,先锋两季品旗舰店,先锋（Singfun）大风量电风扇/落地扇DD1101,169.00
8,400,1547621219,3片,壁扇,7,质量不错 风力很大 风扇不错 电机好 造型美观 安装方便 安全节能 使用方便 广角送风 底座很稳 风力很大 底座很稳 风扇不错 遥控方便 服务至上 底座很稳 造型美观 安装方便 风力很大 风扇不错 风力很大 安装方便 底座很稳 安全节能,96,400,699.00,艾美特子云专卖店,艾美特(Airmate)电风扇FW4517A 壁扇 牛角扇 墙壁扇   摇头 18吋,249.00
2,60,10987429714,7片及以上,落地扇,0,安装方便 风很柔和 风扇不错 质量不错 噪音很小 底座很稳 扇网坚固 风力很大 安全节能 颜色漂亮 风扇不错 遥控方便 颜色漂亮 底座很稳,97,60,468.00,格力大松聚星圆专卖店,格力（GREE）FS-3005Bg7-WG 7七叶电风扇办公室家用遥控落地扇静音电扇,299.00
10,800,11488524002,3片,转页扇，台扇，空气循环扇，风扇伴侣,10,风扇不错 造型美观 使用方便 噪音很小 安全节能 质量不错 风力很大 风很柔和 安装方便 颜色漂亮,96,800,609.00,百格专营店,【今日必抢】日本IRIS爱丽思电风扇家用风扇空气循环扇风扇办公室电扇迷你小电扇台式台扇 天蓝色,149.00
10,400,10267868964,3片,工业扇，壁扇，吊扇,20,安装方便 风扇不错 电机好 质量不错 风力很大 使用方便 颜色漂亮 噪音很小 造型美观 广角送风 安装方便 底座很稳 电机好 安全节能 睡眠风不错,92,400,179.00,金雷电器专营店,骆驼（CAMEL）140电风扇1400mm吊扇 吸顶扇1.4米56寸 家用楼顶扇工业扇,129.00
3,300,3939659,7片及以上,台扇,10,质量不错 使用方便 风扇不错 颜色漂亮 风力很大 风很柔和 扇网坚固 安装方便 造型美观 广角送风 质量不错 颜色漂亮 风扇不错 底座很稳 扇网坚固,96,300,199.00,华生旗舰店,华生（Wahson）FT35-A510 电风扇 /台扇 /风扇,109.00
3,200,11383946515,3片,落地扇,7,底座很稳 风很柔和 风力很大 噪音很小 使用方便 造型美观 风扇不错 广角送风 扇网坚固 安装方便 大品牌,97,200,398.00,瀚龙专营店,黑狗(HEIGOO)电风扇 遥控落地扇静音/家用水冷喷雾加湿风扇HL-FS-401,398.00
6,200,4849976,5片,落地扇,3,风扇不错 质量不错 造型美观 风力很大 使用方便 安装方便 风很柔和 噪音很小 底座很稳 扇网坚固 风力很大 安装方便 风扇不错 质量不错 造型美观 电机好 安装方便 风扇不错 质量不错 底座很稳,96,200,299.00,海尔两季品旗舰店,海尔（Haier）FSJ4072A 五叶机械式可定时方管电风扇/落地扇,159.00
