GoodCount,PoorCount,price,type,keyword,CommentCount,GoodRateShow,p_Name,shop_name,PreferentialPrice,GeneralCount,FBnumber,ProductID
250000,4100,329.00,落地扇,遥控方便 安装方便 风扇不错 风力很大 质量不错 使用方便 噪音很小 底座很稳 风很柔和 睡眠风不错 质量不错 远程遥控 安全节能 风力很大 噪音很小,260000,95,美的（Midea）FS40-13ER 五叶遥控落地扇/电风扇,美的两季品旗舰店,219.00,6600,5片,1069555
59000,700,449.00,塔扇,遥控方便 安装方便 风扇不错 使用方便 质量不错 风很柔和 噪音很小 风力很大 造型美观 底座很稳 造型美观 风扇不错,61000,97,美的（midea）FZ10-15BRW 遥控塔扇/电风扇,美的两季品旗舰店,329.00,1200,无叶,1361004
32000,300,299.00,落地扇,风扇不错 安装方便 遥控方便 质量不错 噪音很小 底座很稳 造型美观 使用方便 风力很大 远程遥控 风很柔和 风力很大 噪音很小 广角送风 安装方便 底座很稳 广角送风 扇网坚固 使用方便 风很柔和,33000,97,格力（GREE）FD-40X64Bh5  五叶遥控落地扇/电风扇,格力生活电器旗舰店,208.00,500,5片,3899679
160000,2500,239.00,落地扇，空气循环扇,风扇不错 安装方便 风力很大 质量不错 使用方便 底座很稳 造型美观 风很柔和 安全节能 颜色漂亮 遥控方便 使用方便 安装方便 底座很稳,170000,96,奥克斯（AUX）FS-40-A1613 电风扇/酷黑五扇叶落地扇,奥克斯电风扇旗舰店,109.00,5500,5片,1058010
16000,300,799.00,塔扇,造型美观 安装方便 遥控方便 风很柔和 使用方便 风扇不错 质量不错 噪音很小 颜色漂亮 远程遥控,17000,94,艾美特(Airmate) FT41R 遥控塔扇/电风扇,艾美特生活电器旗舰店,299.00,600,无叶,4533788
320000,4000,299.00,落地扇,风扇不错 安装方便 遥控方便 质量不错 噪音很小 使用方便 风力很大 风很柔和 远程遥控 底座很稳 颜色漂亮 安装方便 遥控方便 风很柔和 质量不错,330000,96,艾美特(Airmate) FSW52R 遥控落地扇/电风扇,艾美特生活电器旗舰店,199.00,8700,3片,595936
70000,900,319.00,落地扇,风扇不错 质量不错 安装方便 风力很大 噪音很小 使用方便 底座很稳 风很柔和 电机好 声音小,72000,97,美的（Midea）FS40-13C 五叶落地扇/电风扇,美的两季品旗舰店,169.00,1500,5片,1077868
170000,2400,309.00,落地扇,风扇不错 质量不错 安装方便 风力很大 使用方便 噪音很小 底座很稳 风很柔和 造型美观 安全节能 风力很大 风很柔和 底座很稳 使用方便 安全节能,180000,96,艾美特(Airmate) FSW65T2-5 五叶落地扇/电风扇,艾美特生活电器旗舰店,189.00,5600,5片,829764
140000,1700,239.00,落地扇,风扇不错 安装方便 质量不错 风力很大 噪音很小 使用方便 底座很稳 风很柔和 声音小 电机好 风力很大 质量不错 安装方便 小清新 厚重耐磨 电机好 使用方便 风扇不错 底座很稳 安装方便 扇网坚固 底座很稳,150000,96,格力（GREE）FD-4013JD 机械式落地扇/电风扇,格力生活电器旗舰店,148.00,4400,3片,603496
1600,10,4691.00,落地扇，塔扇,造型美观 风扇不错 风很柔和 质量不错 遥控方便 安装方便 安全节能 噪音很小 睡眠风不错 风力很大,1600,97,戴森(Dyson) AM07白银 落地式无叶电风扇/塔扇,戴森官方旗舰店,3790.00,30,无叶,1182248
93000,1400,199.00,落地扇,风力很大 安装方便 风扇不错 质量不错 使用方便 底座很稳 造型美观 颜色漂亮 噪音很小 安全节能 噪音很小 安装方便 质量不错 风力很大 广角送风,97000,96,先锋（Singfun）大风量电风扇/落地扇 DD1701,先锋两季品旗舰店,99.00,2700,5片,3998821
89000,2200,268.00,落地扇,遥控方便 安装方便 风力很大 风扇不错 质量不错 使用方便 远程遥控 底座很稳 风很柔和 噪音很小,95000,94,康佳（KONKA）遥控电风扇/落地扇/五扇叶遥控落地扇KF-40LY01,康佳两季品旗舰店,139.00,4000,5片,1093073
15000,100,239.00,落地扇,风扇不错 安装方便 质量不错 风力很大 使用方便 噪音很小 风很柔和 造型美观 底座很稳 颜色漂亮 噪音很小 底座很稳 安装方便 颜色漂亮 风力很大 广角送风 风很柔和 电机好 底座很稳 噪音很小 底座很稳 扇网坚固 安装方便 使用方便 噪音很小,15000,97,格力（GREE）FD-4010-WG 五叶机械落地扇 电风扇,格力生活电器旗舰店,169.00,200,5片,4483862
11000,100,599.00,落地扇,安装方便 风扇不错 遥控方便 造型美观 噪音很小 风很柔和 使用方便 颜色漂亮 风力很大 远程遥控 底座很稳 睡眠风不错 噪音很小 风力很大 风扇不错 颜色漂亮 遥控方便 质量不错 风很柔和 造型美观 风很柔和 睡眠风不错 遥控方便 颜色漂亮 风扇不错,11000,96,艾美特(Airmate) FS40103R 五叶遥控落地扇/电风扇,艾美特生活电器旗舰店,219.00,200,5片,3918861
200,6,4691.00,落地扇，塔扇，空气循环扇,适合宝宝 颜色漂亮 安装方便 噪音很小 风很柔和 风力很大 遥控方便 风扇不错 造型美观 睡眠风不错 质量不错 造型美观 风很柔和 噪音很小 颜色漂亮 扇网坚固 噪音很小 适合宝宝 睡眠风不错 遥控方便 风力很大 造型美观 电机好 遥控方便,200,96,戴森(Dyson) TP00空气净化风扇/电风扇/塔扇 净化PM0.1和甲醛+强劲气流 循环室内空气 银白,戴森官方旗舰店,4690.00,3,无叶,4071591
170000,2400,199.00,落地扇,风扇不错 质量不错 安装方便 噪音很小 使用方便 风力很大 风很柔和 底座很稳 造型美观 颜色漂亮 使用方便 风力很大 噪音很小,180000,96,美的（Midea）FS40-11L1 落地扇/电风扇,美的两季品旗舰店,159.00,4900,3片,861100
39000,500,499.00,落地扇,遥控方便 风扇不错 安装方便 质量不错 噪音很小 使用方便 风力很大 风很柔和 底座很稳 造型美观,40000,97,先锋（Singfun）6档遥控电风扇/落地扇DD3305 LED液晶显示,先锋两季品旗舰店,169.00,800,5片,1399677
41000,600,359.00,落地扇,噪音很小 风扇不错 安装方便 质量不错 遥控方便 风很柔和 使用方便 底座很稳 造型美观 风力很大 扇网坚固 风力很大 风很柔和 底座很稳 遥控方便 安全节能 风力很大 远程遥控 风很柔和 使用方便 安装方便 风力很大 风很柔和 安全节能,42000,97,美的（Midea）FS40-15HRW 五叶遥控落地扇/电风扇,美的两季品旗舰店,239.00,900,5片,2355523
24000,200,369.00,转页扇,安装方便 遥控方便 风扇不错 噪音很小 风很柔和 使用方便 质量不错 远程遥控 造型美观 睡眠风不错,25000,97,美的（Midea）KYS30-10CR 遥控升降转页扇/电风扇,美的两季品旗舰店,259.00,500,5片,365888
68000,1500,369.00,落地扇,遥控方便 安装方便 风扇不错 风力很大 使用方便 质量不错 底座很稳 噪音很小 风很柔和 远程遥控,72000,95,澳柯玛（AUCMA）FS-40ND06(Y) 五叶AS扇叶遥控电风扇/落地扇,澳柯玛两季品旗舰店,139.00,2500,5片,1370345
87000,900,219.00,转页扇,风扇不错 质量不错 风很柔和 噪音很小 使用方便 风力很大 声音小 底座很稳 睡眠风不错 电机好 少见的问题 风扇不错 广角送风 噪音很小 电机好,90000,97,美的（Midea）KYT30-15AW 台式转页扇/电风扇,美的两季品旗舰店,159.00,1800,5片,1361008
5500,100,399.00,落地扇,遥控方便 噪音很小 风扇不错 安装方便 质量不错 造型美观 风很柔和 使用方便 风力很大 远程遥控 广角送风 遥控方便 适合宝宝 颜色漂亮 质量不错 遥控方便 电机好 远程遥控 风力很大 风很柔和 扇网坚固 安装方便 遥控方便 风很柔和 造型美观 安装方便 扇网坚固 声音很大,5700,96,美的（Midea）FS40-17KRW 五叶变频遥控落地扇/电风扇,美的两季品旗舰店,329.00,90,5片,4425010
60000,700,289.00,落地扇,还可以吧 风扇不错 安装方便 质量不错 噪音很小 风力很大 使用方便 风很柔和 底座很稳 造型美观,63000,96,美的（Midea）FS40-8B1 五叶落地扇/电风扇,美的两季品旗舰店,189.00,2100,5片,597426
17000,200,699.00,落地扇,噪音很小 风很柔和 风扇不错 质量不错 遥控方便 安装方便 风力很大 造型美观 使用方便 底座很稳,18000,95,艾美特(Airmate) FS4086RI-W 七叶遥控落地扇/电风扇,艾美特生活电器旗舰店,319.00,400,7片及以上,1365527
18000,200,359.00,落地扇,安装方便 遥控方便 质量不错 风扇不错 风力很大 噪音很小 造型美观 使用方便 远程遥控 底座很稳 造型美观 风很柔和 睡眠风不错 适合宝宝 底座很稳,18000,97,格力（GREE）FD-4030B 遥控式落地扇/电风扇,格力生活电器旗舰店,198.00,300,3片,2599660
87000,1300,398.00,塔扇,还可以吧 使用方便 风扇不错 安装方便 质量不错 造型美观 风力很大 风很柔和 底座很稳 噪音很小,92000,95,艾美特(Airmate) FTW36T2-A 塔扇/电风扇,艾美特生活电器旗舰店,299.00,3300,无叶,216706
900,10,5691.00,落地扇，台扇，空气循环扇,风很柔和 噪音很小 远程遥控 造型美观 颜色漂亮 使用方便 广角送风 风扇不错 安装方便 安全节能 风很柔和 远程遥控 造型美观 遥控方便,900,98,戴森(Dyson) HP03空气净化风扇/电风扇/落地扇 净化PM0.1和甲醛+强劲气流循环 凉风制暖智能合一 银白,戴森官方旗舰店,5690.00,10,无叶,4840266
9800,100,359.00,落地扇,安装方便 风扇不错 遥控方便 风力很大 质量不错 使用方便 底座很稳 噪音很小 风很柔和 电机好 安装方便 睡眠风不错 颜色漂亮 广角送风 远程遥控 风扇不错 风力很大 造型美观 电机好,10000,97,美的（Midea）FS40-15QRW 五叶遥控落地扇/电风扇,美的两季品旗舰店,239.00,100,5片,1429749
80000,1000,199.00,转页扇，台扇,风扇不错 使用方便 质量不错 风很柔和 噪音很小 风力很大 底座很稳 造型美观 安全节能 安装方便,83000,96,澳柯玛（AUCMA）KYT-25ND01 台式转页扇/电风扇,澳柯玛两季品旗舰店,59.00,2300,5片,1370329
27000,200,299.00,转页扇，台扇,风扇不错 质量不错 噪音很小 风很柔和 使用方便 造型美观 颜色漂亮 安全节能 风力很大 底座很稳 颜色漂亮 风很柔和,28000,97,艾美特(Airmate) FBW32T2 台式转页扇/电风扇,艾美特生活电器旗舰店,129.00,600,5片,1507669
39000,800,199.00,落地扇,安装方便 风扇不错 风力很大 质量不错 使用方便 底座很稳 噪音很小 风很柔和 电机好 声音小,41000,95,澳柯玛（AUCMA） FS-40T6 五叶AS扇叶机械电风扇/落地扇,澳柯玛两季品旗舰店,99.00,1400,5片,1095534
1400,10,1999.00,落地扇，塔扇，台扇，空气循环扇,造型美观 质量不错 使用方便 噪音很小 风很柔和 安全节能 风扇不错 安装方便 底座很稳 遥控方便 质量不错 风很柔和 使用方便 安装方便,1400,97,【爆品秒杀】英国QG(QG)AirCool无叶风扇电风扇冷暖空气循环扇家用电扇落地塔扇 冷暖,QG生活电器旗舰店,980.00,30,无叶,10626848028
2200,30,999.00,塔扇,造型美观 风很柔和 风扇不错 底座很稳 质量不错 颜色漂亮 遥控方便 使用方便 安装方便 睡眠风不错 使用方便 安装方便 风扇不错 底座很稳 造型美观,2300,97,美的（Midea）FZ10-16BRW 新品内旋式遥控塔扇/电风扇,美的两季品旗舰店,599.00,30,无叶,2396504
2600,20,459.00,落地扇,噪音很小 风很柔和 质量不错 造型美观 安全节能 安装方便 遥控方便 风扇不错 电机好 风力很大 广角送风 噪音很小 安全节能 造型美观 电机好 噪音很小 造型美观 安全节能 扇网坚固 底座很稳 风力很大 安全节能 电机好 颜色漂亮 风很柔和,2600,97,格力（GREE）FDZ-40X65Bg7  七叶遥控落地扇/直流变频落地扇/电风扇,格力生活电器旗舰店,369.00,50,7片及以上,3962523
5500,100,599.00,塔扇,风扇不错 遥控方便 风很柔和 造型美观 使用方便 安装方便 噪音很小 质量不错 颜色漂亮 风力很大,5900,94,康佳（KONKA）KF-TAS16Y01D遥控塔扇/落地扇/电风扇（白色）,康佳两季品旗舰店,199.00,200,无叶,2900702
1900,9,2080.00,落地扇，塔扇，台扇，空气循环扇,造型美观 安全节能 风力很大 风很柔和 底座很稳 噪音很小 适合宝宝 电机好 颜色漂亮 远程遥控 安装方便 使用方便 扇网坚固 质量不错 造型美观 质量不错 颜色漂亮 风很柔和 适合宝宝 使用方便 遥控方便,2000,98,欧麦斯Air-H5 无叶风扇 电风扇 落地 家用电扇 台扇塔扇 月光白,欧麦斯旗舰店,599.00,30,无叶,10437854366
8900,200,299.00,落地扇,风力很大 风扇不错 安装方便 质量不错 底座很稳 使用方便 造型美观 扇网坚固 颜色漂亮 风很柔和 风很柔和 电机好 使用方便 质量不错 造型美观 质量不错 噪音很小 使用方便 风扇不错 底座很稳 扇网坚固 使用方便,9500,93,海尔（Haier）FSJ4098B 五叶机械式电风扇/落地扇,海尔两季品旗舰店,129.00,300,5片,4621642
2900,40,319.00,塔扇,造型美观 风扇不错 风很柔和 安装方便 使用方便 质量不错 噪音很小 底座很稳 风力很大 安全节能 电机好 安全节能 广角送风 颜色漂亮 适合宝宝 噪音很小 质量不错 造型美观 底座很稳 风很柔和 安装方便 噪音很小 颜色漂亮 风力很大 电机好 使用方便 风力很大 电机好 适合宝宝 扇网坚固,3000,97,美的（Midea）FZ10-17DW 新款精致居家塔扇/电风扇,美的两季品旗舰店,249.00,60,无叶,4424990
9600,200,199.00,落地扇,质量不错 安装方便 噪音很小 风扇不错 使用方便 风力很大 风很柔和 颜色漂亮 造型美观 安全节能 安全节能 风力很大,10000,94,长虹（CHANGHONG）CFS-LD407 电风扇/落地扇/风扇,长虹两季品旗舰店,89.90,300,4片,4593976
93000,1400,199.00,落地扇,风扇不错 安装方便 质量不错 风力很大 使用方便 噪音很小 底座很稳 风很柔和 电机好 声音小 电机好 广角送风,97000,96,先锋（Singfun）大风量电风扇/落地扇DD1112 ,先锋两季品旗舰店,109.00,2700,3片,1399668
22000,400,139.00,落地扇,风扇不错 安装方便 质量不错 风力很大 使用方便 底座很稳 噪音很小 风很柔和 安全节能 造型美观 风扇不错,23000,95,HYUNDAI 现代大风量电风扇/机械落地扇/风扇FS40-A002,韩国现代（HYUNDAI)两季品旗舰店,89.00,600,5片,2418704
61000,1000,129.00,转页扇，台扇,风扇不错 还可以吧 质量不错 风很柔和 噪音很小 风力很大 安全节能 造型美观 底座很稳 安装方便,65000,94,康佳（KONKA）电风扇/台扇/五风叶/五扇叶台式转页扇KF-25HY37,康佳两季品旗舰店,69.00,2300,5片,1093078
100,3,5191.00,落地扇，塔扇，空气循环扇,适合宝宝 质量不错 安装方便 风扇不错 安全节能 远程遥控 广角送风 造型美观 扇网坚固 噪音很小 广角送风 适合宝宝 风扇不错 远程遥控 安全节能,100,95,戴森(Dyson) TP03空气净化风扇/电风扇/塔扇 净化PM0.1和甲醛+强劲气流 循环空气 塔式智能 银白,戴森官方旗舰店,5190.00,2,无叶,4840262
6700,70,159.00,转页扇,风扇不错 噪音很小 质量不错 风很柔和 使用方便 造型美观 安全节能 风力很大 底座很稳 睡眠风不错 质量不错 安全节能 使用方便 风扇不错 底座很稳 风很柔和 安全节能 使用方便,6900,97,美的（Midea）KYT25-17D 家用台式转页扇/电风扇,美的两季品旗舰店,109.00,100,5片,3864159
11000,100,199.00,落地扇,风扇不错 安装方便 质量不错 风力很大 噪音很小 使用方便 造型美观 底座很稳 风很柔和 颜色漂亮 安装方便,11000,96,华生（Wahson）FS35-C401 电风扇/落地扇/风扇,华生旗舰店,89.90,200,5片,4575098
7200,100,499.00,塔扇,安装方便 遥控方便 使用方便 风很柔和 造型美观 质量不错 风扇不错 噪音很小 远程遥控 颜色漂亮,7600,95,澳柯玛（AUCMA）FS-08M603(Y) 90度旋转遥控定时塔扇/电风扇,澳柯玛两季品旗舰店,199.00,200,无叶,2552698
5900,80,399.00,落地扇,安装方便 遥控方便 质量不错 风扇不错 造型美观 风力很大 使用方便 颜色漂亮 远程遥控 噪音很小 风力很大 遥控方便 电机好 扇网坚固 质量不错 底座很稳 广角送风 质量不错 安装方便 使用方便 广角送风 安装方便 底座很稳 质量不错 风力很大 风扇不错 颜色漂亮 风很柔和 安全节能 风力很大 安装方便 底座很稳 风扇不错 风力很大 使用方便 安装方便 电机好,6100,97,先锋（Singfun）9叶遥控电风扇/落地扇DLD-D5 ,先锋两季品旗舰店,169.00,100,7片及以上,3912031
16000,500,799.00,塔扇,安装方便 风很柔和 遥控方便 造型美观 使用方便 风扇不错 质量不错 噪音很小 睡眠风不错 远程遥控 造型美观 风很柔和 远程遥控,18000,91,艾美特(Airmate) FT47HR-W 遥控塔扇/电风扇,艾美特生活电器旗舰店,399.00,1200,无叶,2392868
7500,100,298.00,落地扇,质量不错 遥控方便 噪音很小 安装方便 风扇不错 造型美观 底座很稳 远程遥控 风很柔和 使用方便 电机好 扇网坚固 遥控方便 风扇不错,7900,96,格力（GREE)FD-4009B 家用床头定时摇头遥控落地扇 节能立式办公宿舍静音电风扇,格力明达丰专卖店,188.00,100,3片,10143138838
1200,10,799.00,台扇,造型美观 风很柔和 噪音很小 安装方便 颜色漂亮 风扇不错 遥控方便 质量不错 底座很稳 使用方便 质量不错 远程遥控 噪音很小 安装方便 质量不错 安装方便 造型美观 睡眠风不错,1300,97,艾美特(Airmate) SW164R-1 七叶遥控台立扇/电风扇,艾美特生活电器旗舰店,399.00,20,7片及以上,4533802
7600,100,299.00,壁扇,遥控方便 质量不错 安装方便 风扇不错 风力很大 使用方便 噪音很小 风很柔和 电机好 底座很稳 噪音很小 广角送风 使用方便 风扇不错 使用方便 噪音很小,8000,96,艾美特(Airmate) FW4035R 五叶遥控壁扇/电风扇,艾美特生活电器旗舰店,219.00,200,5片,375147
5100,50,269.00,落地扇,质量不错 风扇不错 风力很大 噪音很小 安装方便 使用方便 造型美观 遥控方便 安全节能 底座很稳 造型美观 颜色漂亮 风扇不错 风很柔和 质量不错 噪音很小 安装方便 风扇不错 风很柔和 使用方便,5200,98,美的（Midea）FS40-13GR 大风量电风扇/落地扇/智能家用电风扇/遥控风扇,美的绿灯侠专卖店,249.00,50,5片,10913792973
7000,100,129.00,落地扇,安装方便 风扇不错 质量不错 使用方便 风力很大 风很柔和 噪音很小 底座很稳 颜色漂亮 造型美观 噪音很小 风很柔和 遥控方便 风很柔和 底座很稳 安全节能,7300,96,长城（CHANGCHENG）FS-35（710）电风扇/落地扇/炫酷五叶风扇/摇头电扇,长城官方旗舰店,89.90,100,5片,4579848
12000,100,139.00,转页扇，台扇,风扇不错 使用方便 质量不错 噪音很小 风很柔和 造型美观 风力很大 安全节能 颜色漂亮 底座很稳,12000,96,格力（GREE） KYT-2501a 转页扇/电风扇,格力生活电器旗舰店,79.00,300,5片,848318
3500,30,289.00,落地扇,噪音很小 安全节能 风力很大 底座很稳 扇网坚固 远程遥控 颜色漂亮 造型美观 风很柔和 电机好 遥控方便 质量不错 噪音很小 风扇不错,3600,98,美的（Midea）FS40-13CR 大风量电风扇/落地扇/智能家用电风扇/遥控风扇美的 黑色,美的环境电器旗舰店,229.00,30,5片,11533566845
3400,30,399.00,塔扇,噪音很小 风很柔和 造型美观 安全节能 风力很大 底座很稳 颜色漂亮 扇网坚固 电机好 适合宝宝,3400,98,美的（Midea）FZ10-15BRW 塔扇无叶风扇电风扇遥控家用静音立式风扇,美的环境电器旗舰店,329.00,30,无叶,10988055671
4600,80,769.00,塔扇,造型美观 还可以吧 风很柔和 使用方便 质量不错 遥控方便 风扇不错 噪音很小 睡眠风不错 远程遥控,4900,94,艾美特(Airmate) FTW50BR 直流变频遥控塔扇/电风扇,艾美特生活电器旗舰店,698.00,100,无叶,1083232
15000,200,339.00,转页扇,遥控方便 安装方便 质量不错 使用方便 风扇不错 噪音很小 风力很大 风很柔和 底座很稳 睡眠风不错 安装方便 遥控方便 噪音很小,16000,95,艾美特(Airmate) FBW09RS 升降遥控转页扇/电风扇,艾美特生活电器旗舰店,269.00,500,5片,216696
1900,10,499.00,落地扇,噪音很小 造型美观 遥控方便 安装方便 风很柔和 质量不错 风扇不错 底座很稳 安全节能 颜色漂亮 遥控方便 安全节能 底座很稳 安装方便 风很柔和 造型美观 安装方便 风很柔和 遥控方便 噪音很小 质量不错 遥控方便 睡眠风不错 噪音很小 安全节能 电机好 风很柔和 广角送风 遥控方便 造型美观,1900,98,美的（Midea）FS40-15CR 五叶变频遥控落地扇/电风扇,美的两季品旗舰店,399.00,20,5片,3864157
19000,300,79.00,台扇，壁扇，风扇伴侣,风扇不错 风力很大 使用方便 安装方便 质量不错 噪音很小 造型美观 颜色漂亮 底座很稳 扇网坚固 风扇不错 噪音很小,19000,95,澳柯玛（AUCMA）FT-18G613 办公 学习迷你夹扇 台扇/电风扇,澳柯玛两季品旗舰店,49.00,500,3片,2538905
1800,30,399.00,落地扇,风力很大 风扇不错 质量不错 使用方便 造型美观 噪音很小 安装方便 扇网坚固 底座很稳 风很柔和,1900,96,【京仓直送】格力（GREE）电风扇机械落地扇立式家用落地扇静音学生风扇摇头电扇三叶扇3档 FD-4012-WG,格力欧楠专卖店,149.00,30,3片,11430294931
600,10,699.00,塔扇,造型美观 风力很大 质量不错 远程遥控 风扇不错 遥控方便 风很柔和 广角送风 颜色漂亮 噪音很小,700,96,美的（Midea）塔扇 风扇 落地扇电风扇 静音预约定时 FZ10-16BRW ,美的小家电官方旗舰店,669.00,10,无叶,10329448645
2100,30,299.00,落地扇,质量不错 安装方便 风扇不错 风力很大 底座很稳 使用方便 噪音很小 颜色漂亮 造型美观 风很柔和 安装方便 质量不错 使用方便 风力很大 底座很稳,2100,96,格力(GREE) FD-4012-WG学生家用静音节能落地扇 家用立式大风量客厅宿舍电风扇,格力明达丰专卖店,149.00,40,3片,11340882780
2500,30,199.00,落地扇,风力很大 安装方便 质量不错 噪音很小 底座很稳 使用方便 造型美观 风扇不错 广角送风 风很柔和 风力很大 价格实惠 客服服务好,2500,96,美菱（MeiLing）FS-40A（29） 五叶机械式电风扇/落地扇,美菱自营两季旗舰店,109.00,50,5片,4850028
9200,200,269.00,落地扇,质量不错 风扇不错 遥控方便 安装方便 噪音很小 风力很大 造型美观 风很柔和 使用方便 远程遥控,9700,95,美的（Midea）电风扇 落地 静音定时电扇 落地扇 FS40-13GR  ,美的小家电官方旗舰店,249.00,200,5片,1597427476
1500,10,5190.00,落地扇，塔扇，空气循环扇,造型美观 噪音很小 风很柔和 安装方便 风扇不错 质量不错 颜色漂亮 安全节能 底座很稳 使用方便 风扇不错 风很柔和 睡眠风不错 时尚漂亮 很舒适 安全节能 扇网坚固 噪音很小 造型美观 安装方便,1500,98,戴森(Dyson) 空气净化风扇智能版 TP02白银色,戴森官方旗舰店,5190.00,10,无叶,2785342
1800,0,1580.00,落地扇，塔扇，转页扇，台扇，空气循环扇,质量不错 噪音很小 使用方便 造型美观 安装方便 风扇不错 遥控方便 底座很稳 安全节能 颜色漂亮 质量不错 安装方便 遥控方便 适合宝宝 造型美观 遥控方便 风很柔和 颜色漂亮 远程遥控 造型美观,1800,100,【爆品秒杀】英国QG（QG）AirMax电风扇空气循环家用电扇塔扇落地办公室分享扇 白色Airmax,QG生活电器旗舰店,799.00,5,7片及以上,11551376410
200,5,2699.00,落地扇，台扇,风很柔和 噪音很小 安全节能 造型美观 风扇不错 质量不错 使用方便 睡眠风不错 安装方便 电机好 造型美观,200,95,巴慕达（BALMUDA）EGF-1380-WG直流无刷台.地两用GreenFan静音电风扇,巴慕达净化器旗舰店,2380.00,7,7片及以上,2912321
1900,40,699.00,落地扇,风扇不错 噪音很小 质量不错 安装方便 造型美观 风力很大 使用方便 遥控方便 底座很稳 风很柔和 底座很稳 遥控方便 风扇不错 使用方便,2000,96,格力(GREE)落地扇电风扇遥控家用智能7叶静音FD-4042Bg7-WG 白,格力威铭专卖店,339.00,50,7片及以上,10221881337
1300,10,399.00,塔扇,安装方便 风扇不错 使用方便 风很柔和 遥控方便 造型美观 质量不错 噪音很小 远程遥控 底座很稳 风很柔和 底座很稳 安装方便 睡眠风不错 扇网坚固 使用方便 噪音很小 底座很稳 遥控方便,1300,96,先锋（Singfun）遥控塔扇/电风扇/落地扇DTS-HG2（黑色）,先锋两季品旗舰店,179.00,40,无叶,4520014
7400,90,239.00,台扇,质量不错 风扇不错 噪音很小 风力很大 安装方便 使用方便 底座很稳 造型美观 风很柔和 颜色漂亮 噪音很小 质量不错 安全节能 颜色漂亮 底座很稳 安全节能 安装方便 风扇不错,7600,97,美的（Midea）FT40-15A 台扇/电风扇,美的两季品旗舰店,179.00,100,3片,1360993
1200,10,299.00,落地扇,安装方便 质量不错 遥控方便 风很柔和 使用方便 风力很大 风扇不错 颜色漂亮 造型美观 远程遥控,1200,97,格力（GREE）FD-40X63Bh5  五叶遥控落地扇/电风扇,格力生活电器旗舰店,238.00,20,5片,3899677
9200,80,318.00,落地扇,风扇不错 遥控方便 安装方便 质量不错 噪音很小 颜色漂亮 使用方便 底座很稳 远程遥控 风力很大 颜色漂亮 安装方便 质量不错 遥控方便,9500,97,格力（GREE）FD-4025Bh5-WG 5叶遥控式落地扇/电风扇,格力生活电器旗舰店,198.00,100,5片,2377411
1800,20,659.00,落地扇,造型美观 风扇不错 噪音很小 风很柔和 安装方便 质量不错 底座很稳 风力很大 使用方便 遥控方便 风扇不错 质量不错 电机好 风很柔和 底座很稳 使用方便 睡眠风不错 安全节能 质量不错 风很柔和 安装方便 风扇不错 造型美观 底座很稳 风力很大,1900,95,格力（GREE）FD-4041Bg7-wg 遥控式落地扇/电风扇,格力生活电器旗舰店,399.00,40,7片及以上,2599497
5300,100,499.00,塔扇，空气循环扇,遥控方便 安装方便 质量不错 风力很大 风扇不错 风很柔和 使用方便 噪音很小 底座很稳 安全节能,5600,94,荣事达（Royalstar）JD03T 电风扇/遥控塔扇,荣事达（Royalstar）两季品旗舰店,239.00,200,无叶,2495959
1200,30,199.00,落地扇,风扇不错 颜色漂亮 遥控方便 质量不错 安装方便 风很柔和 风力很大 使用方便 噪音很小 扇网坚固,1300,95,HYUNDAI 现代电风扇/落地扇/遥控五叶扇FS40-A002R,韩国现代（HYUNDAI)两季品旗舰店,109.00,40,5片,4899618
21000,300,699.00,落地扇,遥控方便 安装方便 风扇不错 噪音很小 质量不错 风很柔和 使用方便 风力很大 远程遥控 睡眠风不错,22000,95,艾美特(Airmate) FSW35R-14 五叶遥控落地扇/电风扇,艾美特生活电器旗舰店,249.00,600,5片,1365528
500,4,1399.00,落地扇,噪音很小 风很柔和 质量不错 造型美观 远程遥控 底座很稳 遥控方便 安全节能 风扇不错 电机好 睡眠风不错 风扇不错 风很柔和 质量不错 质量不错 安全节能 噪音很小 安装方便 使用方便,500,97,艾美特(Airmate) FS40102R 七叶遥控直流变频落地扇/电风扇,艾美特生活电器旗舰店,699.00,10,7片及以上,3918853
1100,10,699.00,落地扇,安装方便 造型美观 质量不错 遥控方便 风扇不错 噪音很小 风很柔和 使用方便 颜色漂亮 睡眠风不错,1100,97,艾美特(Airmate) FS40104R 五叶遥控落地扇/电风扇,艾美特生活电器旗舰店,349.00,20,5片,3918859
300,9,499.00,塔扇,安装方便 颜色漂亮 睡眠风不错 造型美观 质量不错 遥控方便 使用方便 风很柔和 风扇不错 风力很大,300,94,美的（Midea）电风扇遥控落地家用台式无叶静音立式壁扇轻奢塔扇,美的小家电官方旗舰店,479.00,9,无叶,12281948611
6200,100,299.00,落地扇,风扇不错 安装方便 质量不错 使用方便 风很柔和 噪音很小 底座很稳 风力很大 安全节能 电机好 扇网坚固 风很柔和 风扇不错 造型美观 底座很稳,6600,94,赛亿（Shinee）电风扇/落地扇/五扇叶升降非遥控电风扇FS40-7,赛亿两季品旗舰店,99.00,200,5片,4579934
5200,80,299.00,壁扇,还可以吧 风扇不错 质量不错 使用方便 安装方便 噪音很小 风很柔和 风力很大 造型美观 电机好 安装方便 质量不错 风很柔和 风扇不错,5400,96,美的（Media）FW40-F3 壁扇/电风扇 ,美的两季品旗舰店,179.00,100,3片,125856
3300,90,219.00,落地扇,安装方便 风力很大 使用方便 遥控方便 风扇不错 远程遥控 噪音很小 质量不错 安全节能 底座很稳,3600,94,长虹（CHANGHONG）CFS-LD 403R  遥控落风扇/电风扇/风扇,长虹两季品旗舰店,119.00,100,4片,4593978
2000,20,269.00,塔扇,质量不错 风扇不错 造型美观 噪音很小 使用方便 风力很大 安装方便 安全节能 风很柔和 底座很稳 质量不错 安全节能 风力很大 噪音很小 电机好 电机好 风力很大 遥控方便 安装方便 风很柔和 造型美观 风扇不错 质量不错,2100,98,美的（Midea）FZ10-15BW 塔扇无叶风扇/家用电风扇/静音立式风扇,美的绿灯侠专卖店,259.00,20,无叶,11166213731
1000,6,588.00,台扇，空气循环扇,使用方便 质量不错 安全节能 风力很大 遥控方便 风扇不错 风很柔和 造型美观 底座很稳 安装方便 噪音很小 安全节能 使用方便 风力很大 质量不错 风力很大 造型美观 噪音很小 电机好,1000,98,ABG 小电风扇 台式风扇 台扇 迷你风扇 空气循环扇空气净化 家用遥控电风扇SP115 白色,泽众家电馆,299.00,10,3片,10338816783
8200,80,319.00,台扇,噪音很小 风扇不错 安装方便 质量不错 风很柔和 使用方便 声音小 电机好 底座很稳 睡眠风不错 噪音很小 安装方便 风很柔和,8500,97,艾美特(Airmate) SW56T2 五叶台立扇/电风扇,艾美特生活电器旗舰店,189.00,200,5片,152561
15000,300,139.00,落地扇,风力很大 安装方便 风扇不错 质量不错 使用方便 底座很稳 造型美观 安全节能 噪音很小 风很柔和 颜色漂亮 睡眠风不错 风扇不错 质量不错 安装方便 风力很大 造型美观 很不错,16000,94,先科 （SAST) FD-16（209）五片落地扇/电风扇（黑）,先科SAST官方旗舰店,109.00,500,5片,2416092
18000,300,269.00,落地扇,还可以吧 遥控方便 风扇不错 一般 质量不错 安装方便 风力很大 使用方便 噪音很小 远程遥控 安全节能 噪音很小 风力很大 远程遥控 使用方便,19000,94,先锋（Singfun）遥控电风扇/落地扇DD1219,先锋两季品旗舰店,159.00,700,5片,838041
3500,100,599.00,吊扇,风扇不错 质量不错 风力很大 安装方便 噪音很小 风很柔和 电机好 使用方便 造型美观 扇网坚固 颜色漂亮 质量不错 造型美观 使用方便 广角送风 安装方便 底座很稳 风扇不错,3700,93,奥克斯 (AUX) FD-140 电风扇/1400mm吊扇,奥克斯电风扇旗舰店,159.00,100,3片,1415061
900,20,199.00,落地扇,风力很大 安装方便 安全节能 质量不错 使用方便 底座很稳 噪音很小 颜色漂亮 扇网坚固 造型美观 电机好 造型美观 底座很稳,900,95,卡帝亚（ Kadeer)FS-40/T 五叶落地扇/电风扇,卡帝亚两季品旗舰店,159.00,20,5片,4674882
4000,70,139.00,转页扇，台扇,风力很大 使用方便 质量不错 风扇不错 噪音很小 风很柔和 底座很稳 造型美观 安全节能 安装方便 风扇不错 遥控方便 噪音很小 造型美观 风很柔和 质量不错 扇网坚固 噪音很小 电机好,4200,95,华生（Wahson）KYT25-K105 电风扇/台式转页扇/风扇,华生旗舰店,59.00,100,5片,4575084
1500,10,799.00,台扇，空气循环扇,风扇不错 质量不错 噪音很小 使用方便 造型美观 风力很大 风很柔和 睡眠风不错 底座很稳 颜色漂亮 质量不错 风很柔和 风扇不错 造型美观 睡眠风不错,1600,97,【京东配送】日本IRIS/爱丽思空气循环扇迷你电风扇家用台式静音摇头台扇PCF-HD15C 白色,爱丽思幸辉国际专卖店,199.00,30,3片,1648909372
500,5,1580.00,落地扇，塔扇，台扇，空气循环扇,颜色漂亮 造型美观 风很柔和 广角送风 安全节能 底座很稳 扇网坚固 噪音很小 风力很大 电机好 使用方便 造型美观,500,98,欧麦斯Air-T2 无叶风扇 家用电扇 电风扇落地  无扇叶台式塔扇 空气循环扇 月光白,欧麦斯旗舰店,980.00,6,无叶,11286697653
3000,50,129.00,塔扇,造型美观 风很柔和 使用方便 噪音很小 质量不错 风扇不错 底座很稳 安全节能 颜色漂亮 睡眠风不错 质量不错 安装方便 睡眠风不错 适合宝宝 颜色漂亮 远程遥控 适合宝宝 广角送风 造型美观 颜色漂亮,3200,95,澳柯玛（AUCMA）电风扇/塔扇无叶静音家用台地两用FS-05M720,澳柯玛两季品旗舰店,79.00,100,无叶,3948849
500,9,359.00,塔扇,质量不错 使用方便 遥控方便 造型美观 风力很大 风扇不错 安全节能 噪音很小 安装方便 风很柔和,600,97,美的（Midea）FZ10-15BRW 塔扇无叶风扇/智能风扇/遥控电风扇 静音立式风扇,美的绿灯侠专卖店,349.00,10,无叶,11166367999
89000,2200,139.00,落地扇，空气循环扇,安装方便 风力很大 使用方便 风扇不错 质量不错 底座很稳 风很柔和 安全节能 噪音很小 造型美观,95000,94,康佳（KONKA）电风扇/落地扇/五扇叶可升降非遥控电风扇KF-40L11,康佳两季品旗舰店,109.00,4000,5片,4032317
45000,1800,99.00,转页扇，台扇，USB风扇，风扇伴侣,使用方便 风扇不错 噪音很小 质量不错 风很柔和 安装方便 风力很大 扇网坚固 底座很稳 安全节能 使用方便 睡眠风不错 安全节能 造型美观 风力很大 造型美观 使用方便 风扇不错 电机好 风很柔和 噪音很小 底座很稳 颜色漂亮,49000,91,赛亿(Shinee)电风扇/USB风扇/学生宿舍移动台式电脑迷你小风扇FB4-01 ,赛亿两季品旗舰店,19.90,2200,4片,1380701
2500,40,299.00,落地扇,噪音很小 造型美观 风很柔和 风力很大 安装方便 风扇不错 使用方便 底座很稳 质量不错 安全节能,2600,96,格力(GREE)电风扇落地扇家用静音定时5叶大风量FD-4027h5-WG 白色,格力威铭专卖店,159.00,60,5片,10194646155
9400,50,399.00,台扇,噪音很小 质量不错 风扇不错 安装方便 风很柔和 使用方便 声音小 风力很大 底座很稳 电机好,9600,97,艾美特(Airmate) FDW09T2 台扇/电风扇,艾美特生活电器旗舰店,159.00,100,3片,1365498
1000,10,799.00,落地扇,底座很稳 质量不错 风很柔和 风力很大 遥控方便 噪音很小 安装方便 造型美观 安全节能 使用方便 远程遥控 安全节能 遥控方便,1000,96,艾美特(Airmate) FS40105QR 五叶遥控驱蚊扇/落地扇/电风扇,艾美特生活电器旗舰店,399.00,20,5片,4533800
22000,400,329.00,落地扇，转页扇，台扇，空气循环扇,使用方便 质量不错 风扇不错 安装方便 风力很大 风很柔和 底座很稳 安全节能 噪音很小 电机好 睡眠风不错 颜色漂亮 风很柔和 适合宝宝 广角送风 扇网坚固,23000,94,赛亿(Shinee)电风扇/升降转页扇/非遥控落地式静音换气鸿运扇KYTS30-6,赛亿两季品旗舰店,109.00,1000,5片,832640
6100,80,139.00,壁扇,安装方便 风扇不错 质量不错 风力很大 噪音很小 使用方便 风很柔和 安全节能 颜色漂亮 造型美观 风很柔和 睡眠风不错 底座很稳 安全节能 噪音很小 适合宝宝 造型美观 使用方便 颜色漂亮 底座很稳 质量不错,6400,97,先科 （SAST）FB-16（308）壁扇/电风扇,先科SAST官方旗舰店,99.00,100,5片,2416933
200,4,2999.00,落地扇,噪音很小 安装方便 质量不错 风扇不错 使用方便 颜色漂亮 风很柔和 适合宝宝 造型美观 睡眠风不错 风力很大,300,98,kamomefan 电风扇 落地静音 日本智能家用遥控摇头落地扇 281D 白色,通汇国际全球购生活电器专营店,988.00,4,7片及以上,1959718783
700,20,599.00,塔扇,造型美观 风力很大 使用方便 颜色漂亮 质量不错 安全节能 噪音很小 远程遥控 广角送风 底座很稳 风扇不错 遥控方便 安装方便,700,94,TCL塔扇/电风扇/落地扇 静音遥控摇头立式风扇 遥控款,TCL新云尚专卖店,228.00,20,无叶,12266706496
900,9,399.00,落地扇,风很柔和 造型美观 安装方便 风扇不错 噪音很小 遥控方便 质量不错 底座很稳 远程遥控 使用方便 底座很稳 睡眠风不错 造型美观 安装方便 经济实惠 质量不错 遥控方便 风很柔和 造型美观,1000,98,美的（Midea）电风扇 落地 智能变频 遥控风扇 静音落地扇 FS40-17JRW 白色,美的小家电官方旗舰店,329.00,10,5片,11653229698
500,4,189.00,落地扇,安装方便 安全节能 风力很大 造型美观 颜色漂亮 风扇不错 噪音很小 电机好 质量不错 使用方便 风扇不错 使用方便 电机好 造型美观 噪音很小,500,96,澳柯玛（AUCMA）FS-40T11铝叶扇叶大风量可定时落地扇/电风扇,澳柯玛两季品旗舰店,99.00,10,4片,3972091
1000,20,329.00,壁扇,风扇不错 遥控方便 声音小 风力很大 质量不错 造型美观 噪音很小 使用方便 安装方便 颜色漂亮 颜色漂亮,1100,96,美的（Media）FW40-11AR 电风扇/五叶遥控壁扇,美的两季品旗舰店,239.00,20,5片,1408768
2600,60,499.00,落地扇，工业扇,风力很大 风扇不错 安装方便 质量不错 底座很稳 噪音很小 电机好 风很柔和 使用方便 广角送风 风力很大,2700,95,华生（Wahson）FL65-1 电风扇/工业扇/工业落地扇/风扇,华生旗舰店,279.00,70,3片,4698198
22000,400,138.00,台扇,还可以吧 风力很大 风扇不错 质量不错 安装方便 使用方便 噪音很小 底座很稳 造型美观 颜色漂亮,23000,93,华生（Wahson）FT30-1202  电风扇/台扇（蓝色）/风扇,华生旗舰店,89.00,1000,5片,608048
900,1,2999.00,台扇,质量不错 风扇不错 风很柔和 颜色漂亮 安全节能 使用方便 噪音很小 造型美观 适合宝宝 遥控方便 质量不错 安全节能 风很柔和 睡眠风不错 广角送风 遥控方便 安装方便 造型美观,900,100,爱家乐电风扇HA-Q7/SG 无叶风扇 空气循环扇遥控静音落地扇台扇风扇 金色,爱家乐旗舰店,1099.00,3,无叶,11741788868
200,0,1299.00,台扇,风很柔和 噪音很小 造型美观 质量不错 颜色漂亮 安全节能 使用方便 电机好 底座很稳 风力很大 风很柔和 噪音很小 遥控方便,200,100,爱家乐（AKIRA）Q7无叶风扇台式电风扇静音球形台扇 白色,爱家乐生活电器专卖店,999.00,1,无叶,11296090647
1200,10,299.00,落地扇，塔扇,安装方便 风很柔和 适合宝宝 电机好 远程遥控 噪音很小 广角送风 造型美观 遥控方便 使用方便,1300,98,TCL电风扇无叶风扇家用塔扇遥控定时落地扇摇头静音大厦扇台式扇 升级版遥控版,跨境数码全球购旗舰店,239.00,10,无叶,1985287792
500,9,2299.00,落地扇,安全节能 造型美观 噪音很小 使用方便 风很柔和 质量不错 颜色漂亮 安装方便 风力很大 风扇不错 睡眠风不错 扇网坚固 远程遥控 底座很稳 安全节能 安全节能 风力很大 噪音很小 噪音很小 风很柔和 安装方便 使用方便 睡眠风不错 电机好 底座很稳 遥控方便 质量不错 质量不错 噪音很小 安装方便 造型美观,500,96,爱家乐电风扇 az18-1/SG 风扇18寸无叶风扇 空气循环扇 落地台式风扇家用,爱家乐旗舰店,999.00,10,无叶,10423191460
40,0,5191.00,落地扇，台扇，空气循环扇,风力很大 安装方便 颜色漂亮,40,100,戴森(Dyson) HP00空气净化风扇/电风扇/落地扇 净化PM0.1和甲醛+强劲气流循环 凉风制暖合一 银白,戴森官方旗舰店,5190.00,0,无叶,4071577
70,0,3980.00,落地扇，台扇，空气循环扇，风扇伴侣,噪音很小 风很柔和 风扇不错 底座很稳 扇网坚固 安装方便 电机好 造型美观 风力很大 质量不错 扇网坚固 风力很大 造型美观 风扇不错 风很柔和,70,99,森田（MORITA）SZ-DTR30G 智能触摸式360°摇头静音直流变频电风扇 落地扇/台扇/遥控扇/空调伴侣/空气循环扇,MORITA旗舰店,2588.00,1,7片及以上,4200283
1100,20,499.00,落地扇,安装方便 使用方便 噪音很小 质量不错 风很柔和 电机好 风扇不错 遥控方便 颜色漂亮 安全节能 广角送风 安装方便 遥控方便,1100,97,格力（GREE)电风扇/直流变频遥控落地扇/7叶电扇 FDZ-40X65Bg7 粉蓝色,格力TOSOT旗舰店,369.00,10,7片及以上,11043379708
14000,300,158.00,台扇,风力很大 还可以吧 风扇不错 安装方便 质量不错 声音小 使用方便 底座很稳 噪音很小 造型美观,15000,93,华生（Wahson）FT40-1206 电风扇/台扇（白色）/风扇,华生旗舰店,99.00,700,5片,608052
12000,200,99.00,台扇，壁扇，空气循环扇，USB风扇，风扇伴侣,风扇不错 使用方便 质量不错 噪音很小 风很柔和 底座很稳 风力很大 造型美观 安装方便 颜色漂亮,13000,95,奥克斯（AUX）FO-18A7 电风扇/7寸USB风扇/台扇/夹扇/床头小风扇,奥克斯电风扇旗舰店,59.00,300,4片,2501425
170000,2400,299.00,落地扇,还可以吧 安装方便 遥控方便 风扇不错 质量不错 风力很大 使用方便 噪音很小 远程遥控 风很柔和 风力很大 风很柔和 底座很稳 使用方便 安全节能 风力很大 质量不错 使用方便 造型美观 安装方便 底座很稳 颜色漂亮 睡眠风不错,180000,96,艾美特(Airmate) FSW65R-5 五叶遥控落地扇/电风扇,艾美特生活电器旗舰店,239.00,5600,5片,829765
1300,8,239.00,落地扇,风扇不错 噪音很小 质量不错 安装方便 风很柔和 风力很大 电机好 底座很稳 使用方便 造型美观,1400,97,格力（GREE）FD-4009-WG 五叶机械落地扇/电风扇,格力生活电器旗舰店,169.00,20,5片,4483860
1200,10,239.00,落地扇,质量不错 风扇不错 安装方便 风力很大 造型美观 噪音很小 使用方便 底座很稳 安全节能 风很柔和,1300,97,格力（GREE）FD-4033-WG 三叶机械落地扇/电风扇,格力生活电器旗舰店,159.00,20,3片,4483854
700,10,299.00,台扇,风扇不错 噪音很小 质量不错 造型美观 风很柔和 安装方便 扇网坚固 底座很稳 风力很大 颜色漂亮 风很柔和 安装方便,700,97,美的（Midea）FTS30-17A 家用升降转页扇/台地扇/电风扇,美的两季品旗舰店,258.00,10,7片及以上,4424976
400,9,588.00,台扇，空气循环扇,造型美观 遥控方便 风扇不错 使用方便 质量不错 风很柔和 底座很稳 远程遥控 噪音很小 电机好 造型美观 使用方便 远程遥控,500,92,【京东配送】IRIS/爱丽思空气循环扇电风扇家用台式扇遥控定时静音摇头扇PCF-C18C,爱丽思幸辉国际专卖店,375.00,20,3片,1646215823
3600,10,1998.00,落地扇，台扇,质量不错 使用方便 风扇不错 风很柔和 噪音很小 安装方便 遥控方便 造型美观 安全节能 底座很稳 风扇不错 质量不错 安装方便 颜色漂亮 噪音很小 风很柔和 使用方便 造型美观 安全节能 风很柔和 安装方便 电机好 安装方便 造型美观 遥控方便 扇网坚固 噪音很小 安全节能 造型美观 遥控方便 底座很稳 质量不错 底座很稳 遥控方便 风扇不错 噪音很小 安全节能 适合宝宝 底座很稳 造型美观 质量不错 风扇不错 颜色漂亮 质量不错 底座很稳 质量不错 噪音很小 造型美观 安全节能 遥控方便,3700,100,爱家乐 电风扇AX100  无叶风扇 台式落地扇 家用空气循环扇 自然风 遥控,爱家乐旗舰店,599.00,10,无叶,1672335439
44000,1100,149.00,转页扇，台扇，空气循环扇，风扇伴侣,还可以吧 风扇不错 使用方便 质量不错 风力很大 风很柔和 噪音很小 底座很稳 电机好 安装方便,48000,92,赛亿(Shinee)电风扇/台式转页扇/定时台扇/五风叶学生床头换气鸿运风扇KYT25-1,赛亿两季品旗舰店,59.00,3000,5片,598507
140000,3600,169.00,落地扇，空气循环扇,风力很大 安装方便 风扇不错 质量不错 使用方便 底座很稳 噪音很小 风很柔和 电机好 声音小,150000,93,华生（Wahson）FS40-1102 电风扇/落地扇/风扇,华生旗舰店,99.00,8100,5片,383871
13000,400,129.00,转页扇，台扇，壁扇，空气循环扇，USB风扇，风扇伴侣,使用方便 风扇不错 质量不错 风很柔和 噪音很小 安全节能 底座很稳 安装方便 风力很大 电机好 风很柔和 风力很大 质量不错 底座很稳 风很柔和 造型美观 使用方便,14000,93,赛亿(Shinee)多功能USB电风扇/台夹扇/学生宿舍床头可台式壁挂移动迷你小风扇FTB6-01,赛亿两季品旗舰店,49.80,500,3片,2393885
41000,600,399.00,落地扇，空气循环扇,遥控方便 风扇不错 风力很大 安装方便 质量不错 使用方便 还可以吧 远程遥控 底座很稳 造型美观,43000,94,奥克斯（AUX）FS-40-A1626RC 电风扇/酷黑五扇叶遥控落地扇,奥克斯电风扇旗舰店,149.00,1500,5片,1058012
1700,30,498.00,落地扇,风力很大 质量不错 风扇不错 噪音很小 安装方便 遥控方便 使用方便 造型美观 底座很稳 扇网坚固,1800,96,【京仓直送】先锋（Singfun）可定时落地立式冷风扇厨房卧室遥控静音大风力电风扇落地扇 DD1312遥控5叶,先锋生活电器旗舰店,159.00,40,5片,10225600578
5300,100,399.00,塔扇，空气循环扇,安装方便 质量不错 风很柔和 风扇不错 使用方便 噪音很小 造型美观 底座很稳 风力很大 安全节能 安装方便 安全节能 使用方便,5600,94,荣事达（Royalstar）JD02T 电风扇/机械塔扇,荣事达（Royalstar）两季品旗舰店,199.00,200,无叶,2495965
1100,30,120.00,落地扇,风扇不错 使用方便 质量不错 风力很大 安装方便 颜色漂亮 安全节能 风很柔和 广角送风 电机好 风力很大 质量不错 安全节能 扇网坚固 质量不错 使用方便 扇网坚固 远程遥控 安全节能 底座很稳 安装方便 电机好 风很柔和 扇网坚固,1100,94,海纳斯（HANASS）风扇 电风扇 家用 办公落地扇 定时立式大风量机械非遥控节能静音电扇 SY40-A8,海纳斯两季品旗舰店,99.00,30,5片,4640850
400,9,289.00,转页扇,风扇不错 造型美观 质量不错 风很柔和 噪音很小 底座很稳 安装方便 遥控方便 使用方便 安全节能,400,96,美的（Midea）KYS30-10CR 遥控转页落地扇 升降定时静音家用风扇,美的绿灯侠专卖店,269.00,8,5片,11166548108
1200,40,799.00,塔扇,遥控方便 安装方便 造型美观 质量不错 风力很大 使用方便 安全节能 噪音很小 远程遥控 风扇不错,1300,92,TCL电风扇家用塔扇落地扇摇头静音大厦扇台式扇无叶风扇台扇立式风扇 【领券立减5元】遥控款FZ-T408RC,TCL添越专卖店,218.00,60,无叶,11930766191
5500,100,69.00,转页扇，台扇，USB风扇,噪音很小 使用方便 风扇不错 质量不错 风很柔和 底座很稳 造型美观 颜色漂亮 安全节能 安装方便 适合宝宝 底座很稳 睡眠风不错,5700,95,长虹（CHANGHONG）电风扇/USB风扇/USB迷你静音学习办公小风扇 CFS-TD1602,长虹两季品旗舰店,29.90,100,4片,4579854
2000,50,318.00,落地扇,遥控方便 风扇不错 质量不错 造型美观 使用方便 安装方便 风力很大 风很柔和 颜色漂亮 噪音很小 质量不错 安装方便 颜色漂亮 噪音很小 遥控方便,2100,95,格力（GREE）FD-4025Bah5-WG电风扇大风量/家用五叶遥控定时落地,格力TOSOT旗舰店,218.00,40,5片,10203314990
100,2,1199.00,落地扇,造型美观 风扇不错 电机好 质量不错 风很柔和 噪音很小 遥控方便 安全节能 安装方便 颜色漂亮 风扇不错 远程遥控 睡眠风不错 扇网坚固 安全节能 质量不错 遥控方便 电机好 风很柔和 安装方便 风扇不错 使用方便 远程遥控 安全节能 睡眠风不错 安装方便 电机好 风很柔和 使用方便 电机好 造型美观 风很柔和,100,97,格力（GREE）FSZ-3008Bbg7-WG  直流变频台地扇/七叶遥控落地扇/电风扇,格力生活电器旗舰店,999.00,3,7片及以上,4621800
1300,40,130.00,落地扇,质量不错 噪音很小 风扇不错 风力很大 底座很稳 使用方便 造型美观 安装方便 风很柔和 安全节能 风很柔和,1400,95,凯迪 电风扇定时办公室落地扇卧室家用电扇立式静音电扇落地扇 黑色定时,凯迪电器官方旗舰店,89.00,30,5片,11916701938
11000,200,89.00,吊扇，风扇伴侣,噪音很小 安装方便 风扇不错 风很柔和 使用方便 质量不错 安全节能 风力很大 睡眠风不错 造型美观,11000,95,奥克斯（AUX）FC-16A1 电风扇/六叶小吊扇/蚊帐扇/宿舍吊扇,奥克斯电风扇旗舰店,49.00,300,6片,2501326
3300,60,398.00,落地扇,质量不错 风扇不错 噪音很小 风力很大 使用方便 安装方便 颜色漂亮 风很柔和 造型美观 底座很稳,3400,96,格力（GREE）FDE-40 家用客厅省电静音机械式落地扇 节能定时立式办公宿舍床头电风扇,格力明达丰专卖店,159.00,60,3片,10138054173
1000,10,5190.00,落地扇，台扇,东西不错 制热效果快 外观美观 使用方便 非常暖和 非常好用 遥控方便 风很柔和 风力很大 安装方便 安全节能 电机好 使用方便 遥控方便 东西不错 制热效果快 非常暖和 使用方便 非常好用,1000,98,戴森(Dyson)AM09白银 取暖器电暖气电风扇无叶风扇 原装进口 可遥控,戴森官方旗舰店,4190.00,10,无叶,1691858
62000,900,239.00,落地扇，空气循环扇,还可以吧 安装方便 风扇不错 风力很大 质量不错 使用方便 噪音很小 底座很稳 颜色漂亮 风很柔和,66000,95,TCL FS-40-AT1624 电风扇/炫彩五扇叶落地扇,TCL电风扇旗舰店,119.00,2400,5片,1058052
3100,70,119.00,转页扇，台扇,风扇不错 使用方便 噪音很小 风力很大 质量不错 颜色漂亮 造型美观 风很柔和 安全节能 睡眠风不错 底座很稳 使用方便 安全节能 睡眠风不错,3200,95,长虹（CHANGHONG）DT205 台式转页扇/风扇/电风扇,长虹两季品旗舰店,59.00,90,6片,2495926
100,1,4999.00,空气循环扇,适合宝宝 风力很大 质量不错 睡眠风不错 远程遥控 安全节能 风很柔和 噪音很小 电机好 广角送风 风扇不错 电机好 安全节能 使用方便,100,97,信一NAUTILUS-HF500韩国静音电风扇家用大风量无叶风扇冷暖风空气对流循环扇负离子,信一暖臣专卖店,2199.00,2,无叶,11997822774
38000,1300,238.00,落地扇，空气循环扇,还可以吧 遥控方便 风扇不错 风力很大 安装方便 质量不错 使用方便 远程遥控 底座很稳 噪音很小 广角送风 使用方便 安全节能 造型美观 远程遥控 电机好,42000,91,华生（Wahson）FS40-1201Y 电风扇/五风叶遥控落地扇/风扇,华生旗舰店,119.00,2500,5片,608031
17000,200,138.00,台扇,使用方便 风力很大 质量不错 安装方便 风扇不错 造型美观 噪音很小 颜色漂亮 底座很稳 风很柔和,18000,97,ZOLEE中联ZL12-180电风扇迷你台式电扇家用宿舍小风扇床上夹式风扇 单品,中联生活电器旗舰店,59.00,400,3片,11716017536
3000,90,699.00,落地扇,噪音很小 质量不错 造型美观 风扇不错 遥控方便 安装方便 颜色漂亮 使用方便 风很柔和 风力很大 扇网坚固 造型美观 风扇不错 使用方便 底座很稳,3100,95,格力(GREE)电风扇落地遥控家用静音五叶电扇FD-4008Ba-WG 红白,格力威铭专卖店,259.00,70,5片,10213332011
13000,400,69.00,台扇，USB风扇,还可以吧 噪音很小 使用方便 风扇不错 风很柔和 质量不错 风力很大 扇网坚固 安装方便 安全节能 扇网坚固 远程遥控 质量不错 广角送风 风很柔和 噪音很小,14000,91,联创（Lianc）电风扇/USB风扇/学生办公静音台式迷你小风扇DF-EF04010,联创两季品旗舰店,19.90,800,4片,657140
1400,70,1490.00,吊扇,风扇不错 风力很大 质量不错 安装方便 电机好 造型美观 使用方便 噪音很小 风很柔和 安全节能 造型美观 使用方便 质量不错 风扇不错 广角送风 质量不错 造型美观 电机好,1600,92,艾美特（AIRMATE）FZ5610【全新升级】1.4米56寸电风扇吊扇 大风量电扇工程扇 白色,艾美特华安专卖店,149.00,60,3片,10158057235
40,0,5190.00,落地扇，塔扇，空气循环扇,安装方便 风很柔和 广角送风 底座很稳 扇网坚固 质量不错 噪音很小 风扇不错 广角送风 风很柔和 远程遥控,40,98,戴森(Dyson)空气净化风扇智能版 TP02 家用台式风扇塔扇落地扇净化PM0.1 白银色,戴森电器旗舰店,5190.00,1,无叶,11544917935
100,0,899.00,塔扇,质量不错 造型美观 底座很稳 风扇不错 噪音很小 安装方便 风很柔和 睡眠风不错 风力很大 广角送风,100,99,艾美特(Airmate) FTW57T2 塔扇/电风扇,艾美特生活电器旗舰店,349.00,1,无叶,4155459
100,4,5490.00,塔扇,噪音很小 风很柔和 遥控方便 造型美观 风扇不错 使用方便 睡眠风不错 安装方便 安全节能 底座很稳 风扇不错 睡眠风不错 噪音很小 遥控方便,100,94,艾美特（AIRMATE）【到手价419】FT70R电风扇塔扇家用塔式无叶落地扇 静音拆洗,艾美特旗舰店,499.00,4,无叶,11956390126
3200,60,168.00,台扇,噪音很小 风扇不错 使用方便 质量不错 风很柔和 风力很大 造型美观 颜色漂亮 底座很稳 安全节能 安全节能 风力很大 风扇不错 风很柔和 颜色漂亮,3400,95,格力(GREE)小风扇鸿运扇转页扇静音台式电风扇KYT-2501a 白蓝,格力威铭专卖店,89.00,100,5片,10147055621
3800,50,459.00,塔扇,安装方便 遥控方便 使用方便 造型美观 风很柔和 风扇不错 噪音很小 质量不错 风力很大 远程遥控 质量不错 遥控方便 安装方便 遥控方便 风扇不错,4000,96,先锋（Singfun）遥控塔扇/电风扇/落地扇DTS-G1 ,先锋两季品旗舰店,249.00,100,无叶,2559490
700,3,588.00,塔扇,质量不错 使用方便 风很柔和 造型美观 风力很大 噪音很小 安装方便 风扇不错 安全节能 底座很稳 质量不错 颜色漂亮 远程遥控,700,98,CIH电风扇TF4601TR 塔扇静音无叶风扇 摇头负离子家用遥控办公室落地扇 【全屏款】120cm 白色,CIH官方旗舰店,338.00,10,无叶,11250826968
200,1,699.00,落地扇，转页扇,风很柔和 噪音很小 造型美观 安全节能 适合宝宝 安装方便 睡眠风不错 风扇不错 质量不错 遥控方便 遥控方便 底座很稳 质量不错 电机好 安全节能 安装方便 风很柔和 安全节能 睡眠风不错 颜色漂亮 适合宝宝,200,99,先锋（Singfun）蒲扇/遥控电风扇/落地扇/升降转页扇DL1706婴童适用超柔风,先锋两季品旗舰店,599.00,2,5片,4483856
300,7,299.00,落地扇，转页扇,质量不错 风很柔和 噪音很小 风扇不错 底座很稳 造型美观 颜色漂亮 风力很大 扇网坚固 电机好,300,96,格力(GREE)KYS-30X60家用节能升降式落地转页扇 宿舍办公静音定时鸿运落地电风扇 GREE,格力明达丰专卖店,178.00,9,5片,11805608164
500,10,199.00,吊扇,风扇不错 安装方便 噪音很小 风力很大 使用方便 质量不错 颜色漂亮 广角送风 电机好 造型美观,500,95,钻石牌(DIAMOND)电风扇/吊扇 1.4米56寸楼顶扇3片叶,钻石牌非凡专卖店,159.00,10,3片,11382853922
50,2,300.00,落地扇，工业扇,风力很大 电机好 广角送风 质量不错 底座很稳 使用方便 造型美观 风扇不错 噪音很小 远程遥控 质量不错 底座很稳 电机好 扇网坚固 广角送风 质量不错 造型美观 电机好 风力很大,50,92,海纳斯 HANASS 工业大风扇大功率落地扇 工厂车间厂房商用家用牛角扇静音电风扇 750增强款铝叶网罩YDF-250,海纳斯两季品旗舰店,279.00,2,3片,5020922
2300,30,328.00,台扇,噪音很小 质量不错 风很柔和 风扇不错 使用方便 睡眠风不错 造型美观 风力很大 电机好 底座很稳 风很柔和 质量不错 使用方便 电机好 质量不错 噪音很小 风力很大,2400,96,Gree/格力风扇 KYT-2501 学生电风扇家用转页扇灰色鸿运扇静音小台扇,格力小家电专营店,129.00,50,5片,1564365433
7200,100,299.00,落地扇,遥控方便 风扇不错 风力很大 安装方便 远程遥控 质量不错 使用方便 噪音很小 造型美观 风很柔和 使用方便 远程遥控 安装方便 遥控方便,7600,96,先锋（Singfun）五叶遥控静音电风扇/落地扇DD1312,先锋两季品旗舰店,179.00,200,5片,1370596
1100,30,699.00,落地扇,质量不错 安全节能 安装方便 风很柔和 电机好 风扇不错 噪音很小 使用方便 底座很稳 睡眠风不错,1200,94,艾美特(Airmate) FSA4095R-WJ 五叶智能落地扇/电风扇 京东微联APP控制,艾美特生活电器旗舰店,269.00,30,5片,2501689
5200,80,269.00,壁扇,风扇不错 风力很大 安装方便 质量不错 使用方便 噪音很小 风很柔和 底座很稳 电机好 声音小 风力很大 风扇不错 造型美观 电机好,5400,95,澳柯玛（AUCMA）FB-40ND04 五叶壁扇/电风扇,澳柯玛两季品旗舰店,99.00,100,5片,1370348
900,30,279.00,塔扇,风扇不错 噪音很小 造型美观 使用方便 安装方便 风很柔和 风力很大 质量不错 广角送风 颜色漂亮 安装方便 风很柔和,1000,94,美的（Midea）塔扇 无叶风扇 静音柔风电风扇 落地扇 ,美的小家电官方旗舰店,239.00,30,无叶,10338373852
500,10,149.00,台扇,使用方便 风扇不错 噪音很小 质量不错 风力很大 造型美观 风很柔和 颜色漂亮 安全节能 底座很稳 造型美观 颜色漂亮 噪音很小,500,95,美的（Midea）KYT25-15AW 台式转页扇/电风扇/鸿运扇/台式学生宿舍家用,美的绿灯侠专卖店,139.00,10,5片,10949052636
600,6,398.00,落地扇，台扇，空气循环扇,质量不错 风扇不错 使用方便 风力很大 噪音很小 底座很稳 遥控方便 安装方便 风很柔和 造型美观 遥控方便 风力很大 广角送风 遥控方便 扇网坚固 风力很大 造型美观,600,95,水田MF09G空气循环对流扇 电风扇 台式 静音 遥控 台扇 家用 定时 9寸 日本涡轮 FSQ-MF09G-白色,水田旗舰店,298.00,20,3片,1588385579
90,1,799.00,塔扇,遥控方便 风力很大 噪音很小 安全节能 使用方便 造型美观 睡眠风不错 扇网坚固 风扇不错 安装方便,90,94,澳柯玛（AUCMA）FS-10M118（Y）远距离遥控塔扇/落地扇/电风扇/炫彩蓝牙音响/音乐扇,澳柯玛两季品旗舰店,399.00,5,无叶,4082019
1100,10,320.00,台扇,噪音很小 质量不错 使用方便 风很柔和 风扇不错 风力很大 声音小 底座很稳 睡眠风不错 电机好 造型美观 睡眠风不错 安全节能 质量不错 风力很大 使用方便 适合宝宝 质量不错 噪音很小 使用方便 造型美观 扇网坚固 颜色漂亮 风很柔和,1100,97,格力（GREE)小电风扇12寸台扇转叶扇学生宿舍静音鸿运扇KYT-3001A,格力TOSOT旗舰店,149.00,20,5片,1589259760
300,9,299.00,落地扇,风扇不错 风力很大 噪音很小 使用方便 安装方便 质量不错 安全节能 底座很稳 造型美观 风很柔和,300,96,【京仓直送】格力（GREE）立式电风扇机械落地扇立式家用落地扇静音摇头电扇五叶扇可定时 FD-4027h5-WG,格力欧楠专卖店,169.00,9,5片,11432400813
400,7,199.00,落地扇，塔扇，台扇，工业扇，空气循环扇,噪音很小 风力很大 安全节能 使用方便 扇网坚固 风扇不错 风很柔和 质量不错 造型美观 电机好,400,97, 格力（GREE）FD-4012-WG 机械式落地扇/电风扇 家用办公室静音电扇 台式,格力伟宏专卖店,149.00,3,3片,12282315855
70,0,7999.00,落地扇,质量不错,70,99,欧洲直邮 戴森Dyson无叶风扇冷暖型AM05/AM09  加湿净化AM10 可遥控 AM09-白色 冷暖两用,EUROHEALTH海外专营店,2968.00,1,无叶,1956793343
900,30,500.00,吊扇,风扇不错 风力很大 质量不错 造型美观 噪音很小 电机好 安全节能 风很柔和 使用方便 底座很稳 风力很大 噪音很小,1000,94,艾美特(Airmate)电风扇金属叶五片静音吸顶扇1.4米吊扇 FZ5609楼顶扇,艾美特子云专卖店,289.00,30,5片,10073933741
80,1,498.00,落地扇,造型美观 遥控方便 底座很稳 风扇不错 质量不错 风很柔和 噪音很小 适合宝宝 安装方便 安全节能 安装方便 安全节能 遥控方便 造型美观 电机好,90,97,格力（GREE）FS-3005Bg7-WG 平背台地扇/电风扇,格力生活电器旗舰店,398.00,2,7片及以上,4979782
60,6,1399.00,落地扇,风很柔和 使用方便 风扇不错 质量不错 造型美观 安装方便 噪音很小 风力很大 远程遥控 扇网坚固 安装方便 风力很大 风很柔和 睡眠风不错 安装方便 风很柔和 扇网坚固 风扇不错,70,85,TER T-DFS18无叶风扇/电风扇/落地扇 家用落地无叶冷风扇,TER旗舰店,699.00,5,无叶,11836755832
100,2,999.00,塔扇,安装方便 造型美观 风扇不错 广角送风 风很柔和 遥控方便 安全节能 风力很大 安装方便 广角送风,100,96,艾美特(Airmate) FT70R 静音塔扇/电风扇/遥控睡眠风扇 白色,艾美特专卖店,449.00,2,无叶,12415767096
3800,70,139.00,台扇，壁扇，空气循环扇，风扇伴侣,风扇不错 使用方便 质量不错 安装方便 风力很大 噪音很小 底座很稳 风很柔和 安全节能 造型美观 风力很大 底座很稳 电机好,4000,95,赛亿(Shinee)电风扇/台夹扇/台扇/壁扇/多功能学生宿舍床头迷你小风扇FJ7-01,赛亿两季品旗舰店,49.00,100,3片,2392546
900,30,189.00,台扇,风扇不错 安装方便 噪音很小 使用方便 安全节能 颜色漂亮 电机好 质量不错 风很柔和 风力很大 安全节能 电机好 风很柔和 使用方便,1000,94,长虹（CHANGHONG）CFS-TD2501 台扇/电风扇/风扇,长虹两季品旗舰店,89.00,30,4片,4579914
600,20,899.00,塔扇,安装方便 造型美观 风扇不错 使用方便 风很柔和 遥控方便 远程遥控 质量不错 安全节能 颜色漂亮,700,89,艾美特(Airmate) FTA47R-WJ 智能塔扇/电风扇 京东微联APP控制,艾美特生活电器旗舰店,329.00,50,无叶,2418840
3100,100,50.00,台扇，壁扇，吊扇,安装方便 风扇不错 风很柔和 使用方便 颜色漂亮 质量不错 风力很大 广角送风 底座很稳 安全节能,3300,93,海纳斯（HANASS）迷你小风扇 静音办公宿舍夹扇学生床头吊扇 四叶家用小型台式电风扇 MSE 590J,海纳斯两季品旗舰店,29.90,100,4片,4594000
1000,10,999.00,落地扇,风扇不错 声音小 质量不错 安装方便 噪音很小 遥控方便 风力很大 风很柔和 远程遥控 底座很稳 远程遥控 风扇不错 风力很大 造型美观 电机好 质量不错 颜色漂亮 底座很稳 电机好 噪音很小 风力很大 风扇不错 噪音很小 风力很大 风很柔和 遥控方便 风扇不错,1100,96,艾美特(Airmate) FSA4087RI-WJ 七叶智能落地扇/电风扇 京东微联APP控制,艾美特生活电器旗舰店,399.00,20,7片及以上,1454917
90,1,6899.00,落地扇,风扇不错 使用方便 质量不错 风很柔和 造型美观 噪音很小 风力很大 安全节能 安装方便 底座很稳 风力很大 安装方便 风力很大 安全节能 风很柔和 风扇不错 风很柔和 噪音很小 风扇不错 风扇不错 安装方便,100,99,欧洲进口戴森Dyson无叶风扇AM09冷暖器AM05升级版冷暖型 电风扇可遥控家用 白色,威讯国际海外专营店,2999.00,0,无叶,1954856386
3000,40,298.00,转页扇,质量不错 噪音很小 风扇不错 使用方便 造型美观 风很柔和 风力很大 底座很稳 安全节能 颜色漂亮 质量不错 风扇不错 噪音很小 风很柔和,3100,97,格力(GREE)KYT-2501A 家用床头静音台式转页扇 办公学生室宿舍电风扇鸿运扇,格力明达丰专卖店,89.00,70,5片,10162152537
40,2,599.00,台扇，空气循环扇,远程遥控 造型美观 遥控方便 风扇不错 风很柔和 风力很大 噪音很小 广角送风 底座很稳 睡眠风不错,50,94,IRIS/爱丽思空气循环扇电风扇家用台式扇遥控定时上下摇头扇PCF-C18TC 白色,爱丽思幸辉国际专卖店,395.00,1,3片,12880834230
1000,3,999.00,落地扇,质量不错 造型美观 噪音很小 使用方便 风扇不错 安全节能 风很柔和 遥控方便 安装方便 颜色漂亮 风很柔和 适合宝宝 适合宝宝 风很柔和 底座很稳 遥控方便 远程遥控 质量不错 颜色漂亮 扇网坚固 噪音很小 遥控方便 安全节能 使用方便 扇网坚固 使用方便 噪音很小 质量不错 颜色漂亮 底座很稳 造型美观 风很柔和,1000,99,爱家乐电风扇AX102 COO 无叶风扇壁挂台式静音家用单冷落地扇空气循环扇,爱家乐旗舰店,499.00,10,无叶,10238255560
600,20,1209.00,塔扇,造型美观 使用方便 遥控方便 质量不错 颜色漂亮 风力很大 风扇不错 风很柔和 底座很稳 安装方便 风很柔和 底座很稳 适合宝宝 质量不错 造型美观 造型美观 风很柔和 风扇不错 噪音很小 颜色漂亮,600,93,艾美特(Airmate) 塔扇FTW57R无叶电风扇 节能省电 遥控,艾美特子云专卖店,399.00,10,无叶,1536413477
300,7,399.00,落地扇,风很柔和 质量不错 安全节能 使用方便 风扇不错 造型美观 安装方便 遥控方便 电机好 风力很大 底座很稳 安全节能 噪音很小 使用方便 远程遥控 质量不错 扇网坚固 造型美观 广角送风 风扇不错 睡眠风不错 风很柔和 远程遥控 遥控方便 造型美观,400,96,海尔（Haier）FSY4071B 五叶遥控可定时方管电风扇/落地扇,海尔两季品旗舰店,199.00,8,5片,4077201
100,1,1199.00,落地扇,风很柔和 颜色漂亮 质量不错 噪音很小 安装方便 造型美观 安全节能 远程遥控 睡眠风不错 风扇不错 质量不错 扇网坚固 使用方便 安全节能 噪音很小 安全节能 睡眠风不错 风力很大 风很柔和 噪音很小 睡眠风不错 适合宝宝 噪音很小 远程遥控 远程遥控 安装方便 造型美观 电机好 噪音很小,100,95,美的（Midea）FS40-17AR 高端九叶变频遥控落地扇/电风扇,美的两季品旗舰店,999.00,4,7片及以上,4424980
700,10,70.00,转页扇，台扇,风扇不错 安装方便 使用方便 风力很大 造型美观 噪音很小 底座很稳 风很柔和 颜色漂亮 质量不错 噪音很小 造型美观,800,95,海纳斯（HANASS）M2-388 电风扇 家用转页扇迷你小风扇台式办公室鸿运扇/台扇,海纳斯两季品旗舰店,59.00,20,3片,4593988
22000,500,199.00,落地扇,安装方便 风力很大 风扇不错 质量不错 使用方便 颜色漂亮 底座很稳 造型美观 噪音很小 风很柔和 睡眠风不错 质量不错 安装方便 质量不错 风扇不错 风力很大 安装方便 质量不错 风力很大 安装方便 广角送风 质量不错 安全节能 快递不行 安装方便 使用方便,24000,94,长城（ CHANGCHENG）FS-40(601)电风扇/落地扇/炫酷五叶风扇,长城官方旗舰店,109.00,900,5片,2525453
5400,100,179.00,台扇,使用方便 质量不错 风扇不错 风力很大 底座很稳 安装方便 风很柔和 噪音很小 还可以吧 声音小 使用方便 电机好 造型美观 安全节能 颜色漂亮 扇网坚固 造型美观 颜色漂亮 风力很大 风扇不错 使用方便,5800,94,美的（Midea）FTW18-12L 台夹两用扇/电风扇,美的两季品旗舰店,128.00,200,3片,857977
6600,200,188.00,落地扇，转页扇,还可以吧 安装方便 使用方便 质量不错 风扇不错 风力很大 风很柔和 噪音很小 底座很稳 安全节能 电机好 造型美观 底座很稳 颜色漂亮 扇网坚固,7600,88,华生（Wahson）KYT30-1101S 电风扇/升降式转页扇/风扇,华生旗舰店,99.00,600,5片,608059
43000,500,239.00,落地扇，空气循环扇,还可以吧 风扇不错 安装方便 风力很大 质量不错 使用方便 噪音很小 底座很稳 造型美观 颜色漂亮,46000,96,志高（CHIGO）FS-40-16A27 电风扇/炫彩五扇叶落地扇,志高电风扇旗舰店,119.00,1500,5片,1058017
9900,100,199.00,转页扇,风扇不错 使用方便 质量不错 风力很大 风很柔和 颜色漂亮 噪音很小 造型美观 底座很稳 安全节能 底座很稳 质量不错 风很柔和 颜色漂亮 风力很大 底座很稳 风很柔和 使用方便 风力很大 风扇不错 质量不错,10000,96,先锋（Singfun）台式转页扇/电风扇DK3302,先锋两季品旗舰店,69.00,200,5片,2593396
1100,20,799.00,壁扇,风扇不错 安装方便 质量不错 噪音很小 风力很大 使用方便 风很柔和 遥控方便 造型美观 远程遥控 质量不错 广角送风 扇网坚固 睡眠风不错 使用方便,1100,96,艾美特(Airmate)遥控壁扇 FW3521R电风扇家用节能14吋摇头壁挂5片叶,艾美特子云专卖店,239.00,20,5片,1540230565
50,0,1699.00,落地扇，转页扇，台扇,质量不错 造型美观 安装方便 使用方便 噪音很小 颜色漂亮 风扇不错 远程遥控 适合宝宝 安全节能 质量不错 噪音很小 使用方便,50,100,小米（MI）电风扇 智米家用智能落地扇 直流变频落地扇 远程遥控 模拟自然风静音电风扇 智米电风扇,瑞华精英电器专营店,799.00,0,7片及以上,12065927313
70,3,2699.00,落地扇，塔扇，空气循环扇,风很柔和 安全节能 使用方便 造型美观 质量不错 颜色漂亮 风力很大 安装方便 远程遥控 噪音很小 安全节能 噪音很小 使用方便 噪音很小 安全节能 风扇不错 造型美观 广角送风 风很柔和 适合宝宝 安全节能 安全节能 扇网坚固 质量不错 风力很大,80,90, 爱家乐（AKIRA）AZ18塔扇无叶风扇落地扇静音空气循环扇,爱家乐生活电器专卖店,999.00,5,无叶,10567998731
300,8,469.00,吊扇,风扇不错 质量不错 噪音很小 安装方便 风力很大 使用方便 电机好 造型美观 风很柔和 颜色漂亮,300,96,TCL FC-30T 电风扇/1400mm吊扇,TCL电风扇旗舰店,159.00,6,3片,1415060
600,10,399.00,塔扇,造型美观 风扇不错 广角送风 质量不错 使用方便 远程遥控 风很柔和 安装方便 电机好 噪音很小 使用方便 颜色漂亮 造型美观 广角送风 远程遥控 使用方便 底座很稳 风很柔和,700,94,长虹（CHANGHONG）电风扇塔扇/无叶风扇 大厦风扇/静音遥控家用风扇 CFS-TD2012R,长虹两季品旗舰店,239.00,30,无叶,3941989
200,0,499.00,落地扇，塔扇，转页扇，台扇，空气循环扇，风扇伴侣,造型美观 使用方便 颜色漂亮 底座很稳 安装方便 噪音很小 适合宝宝 安全节能 远程遥控 电机好 风很柔和 睡眠风不错 适合宝宝 扇网坚固 广角送风 颜色漂亮 扇网坚固 遥控方便 造型美观,200,100,美的（Midea）电风扇落地塔扇家用静音遥控定时扇摇头宿舍学生办公室大厦扇台式扇无叶风扇 遥控版,跨境数码全球购旗舰店,329.00,1,无叶,1988725641
