title,ask,answer,content,time_now,user,href
美！真美！！太美了！！！这才是最最美的8妹嘛！！【度盘分享1080p]{花枝狠棒滴哦},"replyreload += ',' + 146535348;,男猪脚是谁？大伙猜猜,{:soso_e113:},3.jpg,(49.4 KB, 下载次数: 98),下载附件,2013-9-2 13:02 上传,回复",,,2013-9-2 13:02,xj007,https://www.jdbbs.com/thread-4910629-1-1.html
,,,下载看看不就知道了？,2013-9-2 13:05,sxshen119,
,,,哪个八妹，不过看美女就进来顶下,2013-9-2 15:25,熊猫发烧友,
,,,美！真美！！太美了！！！这才是最最美的8妹嘛！！,2013-9-2 15:54,凡人凡语,
,,,http://img1.gtimg.com/jiangsu/pics/hv1/140/33/1408/91563755.jpg,2013-9-2 16:10,杨厉鬼,
,,,"8妹的近况,http://js.qq.com/a/20130902/0019 ... 012&ptlang=2052",2013-9-2 16:11,杨厉鬼,
,,,8妹可能早有预感 与我们挥泪而别 8年后出来有是一条悍妹[s:97],2013-9-2 16:11,杨厉鬼,
,,8妹可能早有预感 与我们挥泪而别 8年后出来有是一条悍妹,[s:14][s:97][s:30],2013-9-2 16:14,毛毛的爸爸,
,,,看看这个，希望能不错！,2013-9-2 16:17,ccbb123,
,,,罗马尼亚,2013-9-2 16:20,DANGEROUS91,
,,,kanka hen hao a,2013-9-2 16:45,zwxcrpd,
,,,了！！！这才是最最美的8妹嘛！！【度盘分享1,2013-9-2 17:49,659363187,
,,,下载看看不就知道了？,2013-9-2 18:07,注册过期,
,,,下载看看不就知道了？,2013-9-2 20:20,sunwolf,
,,,111111,2013-9-2 20:25,ljn_1977,
我的新婚彩礼——美的冰箱666,"作,者,被,禁,止,或,删,除, ,内,容,自,动,屏,蔽",,,2017-9-20 16:18,huangwenhua,https://www.jdbbs.com/thread-8355815-1-1.html
出手了！拿下心中完美的4K HDR电视-索尼大法65X9300E,"X9300E.png,(852.5 KB, 下载次数: 0),下载附件,2017-5-17 13:52 上传,下手了,65吋,的索尼,X9300E，本来我是想万元左右买一款4K HDR电视就行，结果凡事就怕仔细研究，越研究越贵。T_T,最初是想买,65X9000E或者LG的55B6P，前者团购最低价基本能到12xxx，后者现在貌似LG在清库存只要95XX就能买到，买之前摇摆不定，也曾经想多吐点血加预算买2万多的65Z9D或者55A1，但是纠结来纠结去还是决定把预算压到2万以内，省点钱带着老婆孩子出去旅游更实惠。,因为家里五年前买的索尼电视还是好好的，一直以为自己能比较淡定的用现有的电视再看几年，本没想在,2017年更新家里的电视，不过去年底买了PS4 Pro之后，经常看到游戏论坛里一群人说说4K提升很明显而且HDR效果非常好，心里就痒痒了。家里之前在用的是当年3D蓝光比较流行时非常经典的一款索尼55HX800，还记得当时在家里看阿凡达3D蓝光那种兴奋的感觉，但是好像除了亲朋好友来给他们放一段3D蓝光感受下电视的3D功能之外，在后来也很少能用到电视的3D功能，究其原因主要是家里看3D内容画面小且那种快门式3D感受始终不如电影院IMAX 3D那种偏振镜方式来得震撼以及舒适，也可能是因为这样的原因今年新出的电视好多都已经放弃了3D功能。,001.png,(722.68 KB, 下载次数: 0),下载附件,2017-5-17 13:57 上传,65吋,比我想象中要大，电视高度已经超过我落地主箱了，视觉冲击力比原来用的,55吋简直不知道好到哪里去。,IMG_7760.JPG,(73.96 KB, 下载次数: 0),下载附件,2017-5-17 13:58 上传,看上图大家就能看出来我没少为守护姨夫的微笑贡献力量，我承认我是索粉，家里败过的索尼产品不在少数，,PlayStation的1234Pro都有，从3代开始基本只玩正版了，所以这篇晒单里我也不回避我是索粉的事实，只是想告诉大家下我入手后的真实想法即可，我也不打算引战，我也会做下老款电视和新的X9300E的画质对比，给那些有升级电视打算的朋友们一个参考。,IMG_0060.JPG,(131.52 KB, 下载次数: 0),下载附件,2017-5-17 13:59 上传,我在开始玩,PS4 Pro感受到超采样在1080P电视上也会有明显的视觉提升之后，就迫不及待想升级到4K电视了，今年已经发布的的新款电视中对索尼的新机印象最深，在论坛里看了好几遍的bjjbaojj大神写的各种新机评测：,https://www.jdbbs.com/thread-8280077-1-1.html,（感兴趣的老铁可以去瞻仰下大神的文章）,首先是对新垣结衣甜蜜的笑容留下了深刻的印象。。。,新桓结衣.jpg,(24.08 KB, 下载次数: 0),下载附件,2017-5-17 13:59 上传,其次。。。。。。是对不同档次的电视有了一个大概的感受，最开始的预算是万元左右后来发现不行，买东西如果没当机立断就怕货比货，对比完就觉得不如再添点软民币换更好的，起初我是想买个,65X9000E，因为看文章说这俩机器比较接近，主要差距是背光和处理芯片，后来我在百度查到三款机型的重量对比：65X9000E/65X9300E/65Z9D 重量分别是 23.2KG/42.4KG/35.7KG，哥就震惊了，居然这么沉，一看就用料很足！-_-; 另外本着买新不买旧以及买沉的机器的原则，基本上确定了下手X9300E。还有看过bjjbaojj的对比图片感觉X9300E在表现暗部画面时比X9000E更好一些，而且看新闻说索尼未来提供Dolby Vision HDR固件升级的要求之一是X9300E/X9400以上的型号，所以虽然要贵出去几千块还是决定下手X9300E了，一步到位买好比较靠谱，免得等过几天看到Dolby Vision好，又惦记再换新机。卖场里也对比看了一下同样65吋,的其他机型，印象最深的是索尼,A1 OLED色彩真挺好，油润立体出屏感觉比较明显，而且明显不同于三爽那些QLED电视喜欢用亮画面演示片的风格，索尼比较多的演示了暗画面和高反差画面的细节展示，从细节表现和黑位上来看几乎无可挑剔了，而迫于预算顾虑，A1和Z9D这种机型表现再好我也买不起咯，所以在卖场对比完之后就锁定了索尼X9300E这款了，物流电话告知收货时，我几乎是飞奔着回家开箱验机的。,IMG_9978.JPG,(155.91 KB, 下载次数: 0),下载附件,2017-5-17 13:59 上传,物流的快递师傅给送到了，木架在楼下拆完扔掉,IMG_7537.JPG,(78.07 KB, 下载次数: 0),下载附件,2017-5-17 14:00 上传,进电梯还不费事，不知道那些买,75吋,电视进电梯会不会很麻烦（大概有钱人都住大别墅吧,…）,IMG_7539.JPG,(80.93 KB, 下载次数: 0),下载附件,2017-5-17 14:01 上传,检查外包装没问题就开始拆箱了，着急看效果，也没约索尼售后来装电视，自己直接自己动手,IMG_7540.JPG,(61.61 KB, 下载次数: 0),下载附件,2017-5-17 14:01 上传,包装内的防震保护做的还是挺好的,IMG_7544.JPG,(97.13 KB, 下载次数: 0),下载附件,2017-5-17 14:01 上传,按照说明书开始一步一步操作，这次索尼背板采用了象牙白的那种网格设计，很有质感。同时，背板可以盖住几乎全部的接口而且线头从脚架下面孔出来，柜式摆放确实非常漂亮，这是一个设计亮点,IMG_7545.JPG,(48.29 KB, 下载次数: 0),下载附件,2017-5-17 14:02 上传,IMG_9981.JPG,(125.06 KB, 下载次数: 1),下载附件,2017-5-17 14:02 上传,IMG_9986.JPG,(115.2 KB, 下载次数: 0),下载附件,2017-5-17 14:02 上传,IMG_9988.JPG,(127.98 KB, 下载次数: 0),下载附件,2017-5-17 14:02 上传,逐个抠开背板才能看到所有的接口，包括,USB也隐藏起来了，反正家里有高清机也不打算用电视的USB口放太多电影也就无所谓了,IMG_8061.JPG,(46.52 KB, 下载次数: 0),下载附件,2017-5-17 14:03 上传,电视设计的十分巧妙，左侧的电源线和右侧的视频线可以从穿线绑带里穿过，然后从电视脚架中直接输出给电视柜下方，这样从正面观看电视，整个视野范围内不会出现任何烦人的线缆,IMG_8062.JPG,(43.36 KB, 下载次数: 0),下载附件,2017-5-17 14:03 上传,现在厂家为了电视的整体美观真是操碎了心，我上一台电视哪有这么多捆线设计，真是越做越人性化了,IMG_8063.JPG,(30.76 KB, 下载次数: 0),下载附件,2017-5-17 14:03 上传,连接好,HDMI视频线和电源线后就扣上后盖了,IMG_8068.JPG,(38.85 KB, 下载次数: 0),下载附件,2017-5-17 14:03 上传,IMG_8071.JPG,(40.13 KB, 下载次数: 0),下载附件,2017-5-17 14:03 上传,IMG_7554.JPG,(36.67 KB, 下载次数: 0),下载附件,2017-5-17 14:04 上传,这样从电视正面真的是几乎完全看不到电源线和视频线,QQ截图20170503194402.jpg,(74.11 KB, 下载次数: 0),下载附件,2017-5-17 14:05 上传,QQ截图20170503194458.jpg,(59.21 KB, 下载次数: 0),下载附件,2017-5-17 14:05 上传,装好之后效果图应该是这样和这样的，我家装修太差，自己拍的照片体现不出美感，就盗个官方图，基本上装好了就是这样的视觉效果了，哈哈,IMG_7553.JPG,(43.66 KB, 下载次数: 0),下载附件,2017-5-17 14:05 上传,遥控器也比上一代遥控器手感要更舒适，几乎无缝隙的设计用起来也无需担心会有水漏进去，也不用再保留这个塑料袋怕脏了，可以裸奔着用了,IMG_7557.JPG,(51.14 KB, 下载次数: 1),下载附件,2017-5-17 14:05 上传,IMG_7559.JPG,(42.82 KB, 下载次数: 0),下载附件,2017-5-17 14:05 上传,这是支持语音输入的遥控器，比以前的遥控器更进步了哟,IMG_7560.JPG,(38.95 KB, 下载次数: 1),下载附件,2017-5-17 14:06 上传,遥控器背板有皮质感觉握感舒适，不会出现滑手的感觉,IMG_7561.JPG,(43.14 KB, 下载次数: 0),下载附件,2017-5-17 14:06 上传,IMG_7562.JPG,(34.39 KB, 下载次数: 0),下载附件,2017-5-17 14:06 上传,硬币大法给大家感受一下厚度，其实电视薄厚我本来并不在意，我看电视又不看侧面，只要正面看着爽就好了，不过在我看到,X9300E的壁挂架之后我才发现电视的侧面也可以这样美，文章后面再具体说，这里先留个伏笔。,IMG_9994.JPG,(75.88 KB, 下载次数: 0),下载附件,2017-5-17 14:12 上传,老电视挪走，新的,65吋,比,55吋还是大了不少，电视柜几乎放不下了,IMG_9996.JPG,(86.01 KB, 下载次数: 0),下载附件,2017-5-17 14:12 上传,正式跟老的,55吋电视说再见咯，准备挪到主卧挂墙去,从网上资料看索尼,X9300E在硬件上与去年的D系列相比，较有吸引力的升级主要有三点，分别是：,1.采用了索尼旗舰电视Z9D的X1进阶版图像处理芯片,2.使用动态背光系统-精英版+（这里别小看只是多了个“+”，据说在实际的亮度和对比度的表现上都有了相当大的提升呢！）,3.使用了更好的扬声器喇叭,由,Z9D下放给X9300E的X1进阶版芯片实力确实好，X9300E在各分辨率信号输入的情况下画质均有非常显著的进步，可以说画面立体感完爆其他品牌产品。另外还有HDR动态重塑技术、14bit HDR平滑渐变技术之类听上去很黑科技的特点。还有X9300E采用了动态背光系统-精英版+ ，这种背光控制系统通过调节局部背光灯的亮度大小，来实现更高的对比度与完全的黑位。普通侧入式液晶电视由于无法完全关闭背光灯，所以对比度小，黑位也发灰。索尼独有的动态背光系统精英版+利用双层背光板和四组背光灯，实现了侧入式结构下的多分区背光控制。后面我除了测试有线电视信号，还使用4K高清播放器播放蓝光碟还有PS4 Pro游戏感受,IMG_0001.JPG,(36.79 KB, 下载次数: 0),下载附件,2017-5-17 14:19 上传,开机链接,WiFi，还支持5G网络，检测新固件还没有新版的,IMG_7593.JPG,(47.08 KB, 下载次数: 0),下载附件,2017-5-17 14:19 上传,打开,HDMI增强模式可以激活PS4 Pro的4K RGB HDR能力,首先我先连上家里联通光纤宽带赠送的,4K电视IPTV机顶盒,0002.jpg,(119.35 KB, 下载次数: 0),下载附件,2017-5-17 14:25 上传,切换到,2160P输出,联通虽然提供了,4K直播4K点播内容，不过感觉片源只是高码率的1080P的信号，因为有些电影根本就没发布4K版本呢。。。联通有点忽悠人,0003.jpg,(110.35 KB, 下载次数: 0),下载附件,2017-5-17 14:26 上传,不过虽然联通的,4K频道分辨率相对比普通高清提升不是特别高，不过还是比普通的电视直播频道分辨率好很多，尤其是电影内容的画面细节和黑位以及层次感要好不少。,IMG_0028.JPG,(97.73 KB, 下载次数: 0),下载附件,2017-5-17 14:27 上传,差不多大概十几年前我记得买,CRT电视的时候，那会买索尼AR和DR系列电视比较明显的一个区别就是看电视台左上角台标的边缘平滑度和稳定性，现在也不用看这个了,0004.jpg,(94.18 KB, 下载次数: 1),下载附件,2017-5-17 14:32 上传,请大家不要看左上角，看右上角，哈哈，给索尼,+1S,之前因为买了,PS VR看论坛有人说这个VR的盒子无法通过HDR信号，所以在玩游戏的时候会来回插拔HDMI输出绕过VR盒子，大家给出的解决办法是买一个HDMI分配器，所以我也提前下单买了一个HDMI分屏器来解决绕过PS VR盒子不支持HDR的问题，没想到这个盒子还支持HDMI 2.0，正好晚上测试信号的时候直接用这个分屏器把新买的65X9300E和老的55HX800都连上，直接看看画面对比，让自己有一个更直观的视觉印象。,以下对比图片都是上为,65X9300E下为55HX800，另外因为手机摄像头宽容度有限，所以有时候可能一个曝光正常，另外一个欠曝或者过曝，实际上两者画面都是正常曝光，只是X9300E的色彩饱和度和亮度对比度都会好于HX800，所以画面对比的照片仅供大家参考，而每一张对比画面都是同一次快门所拍下来的，实际观看电视的时候是电视本身并没有过曝输出的情况，如果有局部过曝只是拍照造成的效果而已，但是色彩输出的差异和亮度对比度差异还是真实存在的。,vs01.jpg,(120.36 KB, 下载次数: 0),下载附件,2017-5-17 14:33 上传,上为,65X9300E，下为55HX800,vs03.jpg,(132.72 KB, 下载次数: 0),下载附件,2017-5-17 14:33 上传,上为,65X9300E，下为55HX800,vs04.jpg,(153.67 KB, 下载次数: 0),下载附件,2017-5-17 14:33 上传,上为,65X9300E，下为55HX800,是不是差距很大？我对比了几分钟就觉得这钱升级买电视太值了，我还仔细确认了一下两个电视都是标准模式，也都关闭了环境光自动感应功能，老电视就感觉虽然曝光正常，但是人物皮肤像抹了腊一样，上边,X9300E就肤色自然很多，而且色彩饱和度好，人物立体感也好。,vs08.jpg,(132.77 KB, 下载次数: 1),下载附件,2017-5-17 14:33 上传,观看球赛画面的时候因为觉得颜色差太多，所以索性把,HX800切换到鲜艳模式，竟然还跟X9300E的标准模式差异巨大，甚至画面有些失真了,vs02.jpg,(129.31 KB, 下载次数: 0),下载附件,2017-5-17 14:33 上传,上为,65X9300E，下为55HX800,vs05.jpg,(102.88 KB, 下载次数: 0),下载附件,2017-5-17 14:33 上传,上为,65X9300E，下为55HX800,这杯子的立体感和反光对比差异极大，,X9300E表现的画面甚至有一种真实存在的出屏感,vs07.jpg,(66.83 KB, 下载次数: 0),下载附件,2017-5-17 14:33 上传,上为,65X9300E，下为55HX800,天空色彩的丰富程度和高反差都被,X9300E出色的还原了,vs06.jpg,(190.67 KB, 下载次数: 0),下载附件,2017-5-17 14:33 上传,上为,65X9300E，下为55HX800,vs10.jpg,(267.72 KB, 下载次数: 0),下载附件,2017-5-17 14:33 上传,上为,65X9300E，下为55HX800,vs09.jpg,(127.63 KB, 下载次数: 0),下载附件,2017-5-17 14:33 上传,上为,65X9300E，下为55HX800,vs11.jpg,(268.3 KB, 下载次数: 0),下载附件,2017-5-17 14:33 上传,上为,65X9300E，下为55HX800,明显玻璃的反光和层次感表现在,X9300E上更好更真实,vs12.jpg,(128.42 KB, 下载次数: 1),下载附件,2017-5-17 14:33 上传,上为,65X9300E，下为55HX800,对比了大量画面之后觉得,X9300E把有线电视的信号提升的有一种脱胎换骨之感,vs14.jpg,(123.83 KB, 下载次数: 0),下载附件,2017-5-17 14:33 上传,上为,65X9300E，下为55HX800,接下来接上,PS4 Pro到分屏器上，因为HX800只支持1080P分辨率，所以如果选择4K输出的话HX800会无显示，为了感受两个机器的色彩表现差异，索性就切换到1080P状态下，用超采样的画面和2K HDR来感受两者的区别。,测试的游戏是近期比较火的《地平线,·黎明时分》，第一方的原生4K HDR游戏,vs27.jpg,(180.63 KB, 下载次数: 1),下载附件,2017-5-17 14:33 上传,上为,65X9300E，下为55HX800,vs29.jpg,(241.43 KB, 下载次数: 0),下载附件,2017-5-17 14:33 上传,上为,65X9300E，下为55HX800,默认首次进入游戏的时候是开启,HDR状态，HX800这种SDR设备接收到HDR信号的时候就是会出现这种灰白灰白的画面输出,vs30.jpg,(244.85 KB, 下载次数: 0),下载附件,2017-5-17 14:33 上传,上为,65X9300E，下为55HX800,这是关闭,HDR之后，同样都是SDR信号的情况下两台电视的画面区别，明显也是X9300E表现好很多，开启HDR后X9300E会表现出更大的亮度反差以及画面细节,vs28.jpg,(214.32 KB, 下载次数: 0),下载附件,2017-5-17 14:33 上传,上为,65X9300E，下为55HX800,我只想说画面不管是,SDR还是HDR状态都提升很大，让我有重新玩一遍的冲动,vs32.jpg,(196.89 KB, 下载次数: 2),下载附件,2017-5-17 14:33 上传,上为,65X9300E，下为55HX800,神秘海域，注意天空曾侧和细节，还有车身暗部细节都表现得非常好,vs31.jpg,(215.98 KB, 下载次数: 1),下载附件,2017-5-17 14:33 上传,上为,65X9300E，下为55HX800,《最后的守护者》,HDR和SDR画面对比,对比过游戏之后，还对比了一下我们平时用电视看的最多的高清蓝光碟，信号源是淘宝入的,Zidoo X9S，这是一个RTD1295解码的播放器，价格6XX，支持4K HDR，比开XX的同芯片的产品性价比好不少。我先试一下4K片段，然后再试一下BD蓝光的播放效果。,vs17.jpg,(220.54 KB, 下载次数: 0),下载附件,2017-5-17 14:33 上传,上为,65X9300E，下为55HX800,经典的烤鸭演示片，人物肤色和色彩饱和度差异明显，烤鸭的油腻感表现得淋漓尽致,vs26.jpg,(247.74 KB, 下载次数: 0),下载附件,2017-5-17 14:33 上传,上为,65X9300E，下为55HX800,这个是带,HDR的行星地球2的下载版，没想到SDR设备看和HDR设备看差异真巨大，完全是两个片子的感觉,vs20.jpg,(263.83 KB, 下载次数: 0),下载附件,2017-5-17 14:33 上传,上为,65X9300E，下为55HX800,还用一段,HDR风光的演示片进行对比,vs18.jpg,(105.92 KB, 下载次数: 1),下载附件,2017-5-17 14:33 上传,上为,65X9300E，下为55HX800,vs19.jpg,(188.25 KB, 下载次数: 0),下载附件,2017-5-17 14:33 上传,上为,65X9300E，下为55HX800,vs21.jpg,(124.65 KB, 下载次数: 0),下载附件,2017-5-17 14:33 上传,上为,65X9300E，下为55HX800,vs22.jpg,(243.56 KB, 下载次数: 0),下载附件,2017-5-17 14:33 上传,上为,65X9300E，下为55HX800,vs23.jpg,(228.08 KB, 下载次数: 0),下载附件,2017-5-17 14:33 上传,上为,65X9300E，下为55HX800,vs24.jpg,(140.11 KB, 下载次数: 0),下载附件,2017-5-17 14:33 上传,上为,65X9300E，下为55HX800,我的天，完全的。。。不一样,vs25.jpg,(112.85 KB, 下载次数: 0),下载附件,2017-5-17 14:33 上传,上为,65X9300E，下为55HX800,然后我又试了一下带,HDR的破解版蓝精灵2的UHD蓝光，播放的时候画面差异就更加明显,vs15.jpg,(161.73 KB, 下载次数: 1),下载附件,2017-5-17 14:33 上传,上为,65X9300E，下为55HX800,vs16.jpg,(234.94 KB, 下载次数: 0),下载附件,2017-5-17 14:33 上传,上为,65X9300E，下为55HX800,是时候跟,SDR说再见，快来拥抱HDR的世界吧,文章最开始说关于,X9300E的挂架，我说有一个伏笔是因为我在逛游戏论坛的时候看到一个网友晒他壁挂X9300E的照片，是索尼原厂特别给X9300E定制的超薄挂架，看了后感觉直接中毒，虽然我这次着急看电视直接放电视柜了，但是看到这个网友的照片之后决定还是联系索尼售后把电视挂上，这款壁挂架设计的实在是太美太超薄了，而且这个专门定制的挂架可以旋转，观看角度可以更随意自由，有木有很屌！,壁挂.jpg,(236.11 KB, 下载次数: 1),下载附件,2017-5-17 14:33 上传,做完对比测试之后，跟老婆一起坐地上看综艺节目，老婆还问为什么两台电视播一样的节目，这台,65吋,的画面这么好，我的回答是：主要是钱花到位了，索尼大法好！哈哈,;D",,,2017-5-17 14:16,疯狂泰山,https://www.jdbbs.com/thread-8304761-1-1.html
,,,板凳占个楼,2017-5-17 14:17,疯狂泰山,
,,,看楼主文章，醒悟很多。,2017-5-17 15:21,baolei12345678,
,,,12XXX，刚查了京东要近2W，楼主哪买的？,2017-5-17 15:38,YAMAHA781,
,,12XXX，刚查了京东要近2W，楼主哪买的？,这么便宜啊，难怪完美，这价值了。,2017-5-17 15:40,ngh913,
,,,"请问楼主你的电视柜高度是多少，我也想买这款，可家里电视柜高度只有35CM,墙壁装修时搞的太薄",2017-5-17 15:45,ZHAOHUIHU,
,,看楼主文章，醒悟很多。,知道索尼大法为啥好了吧。,2017-5-17 15:49,chncwk,
,,12XXX，刚查了京东要近2W，楼主哪买的？,是65X9000E团购价12xxx，并不是X9300E的价格,2017-5-17 16:49,疯狂泰山,
,,"请问楼主你的电视柜高度是多少，我也想买这款，可家里电视柜高度只有35CM,墙壁装修时搞的太薄",电视柜没量过，但是准备还是上墙，这机器上墙挂着更好看,2017-5-17 16:51,疯狂泰山,
,,这么便宜啊，难怪完美，这价值了。,并没便宜那么多，淘宝团购都能比官网报价便宜3k多吧,2017-5-17 16:54,疯狂泰山,
,,,楼主方便透漏下购买渠道和价格吗，准备入手同款机器！,2017-5-17 17:06,OscarV,
,,,93E是好机，可惜lz拍的太烂了。,2017-5-17 17:25,danny983,
,,,前列支持，心中默念，索尼大法好,2017-5-17 17:40,gmwf2003,
,,,真是太爽了呀，有点迫不及待的感觉，这个很正常，很多人都这样的,2017-5-17 18:34,爱上卫,
,,,还不错,2017-5-17 18:58,joneyz,
发个塞尔达荒野之息的屏射，美的让人神往,"爱死这个卡通渲染了，画面美得让人神往，当时地平线刚玩儿两天，然后出国出差顺道就买了个NS，然后就沉迷塞尔带，完全忘了还扔着地平线吃灰,部分播片部分实际游戏，NS系统截图就有压缩，所以有些地方色阶是压缩造成的",,,2017-4-10 00:33,moto4ever,https://www.jdbbs.com/thread-8291054-1-1.html
,,,好,2017-4-10 00:35,loginant,
,,,好,2017-4-10 00:35,loginant,
,,,这游戏世界太大，能加个小伙伴就更嗨了，至少来个2P吧。,2017-4-10 00:38,黄金招财猫,
,,这游戏世界太大，能加个小伙伴就更嗨了，至少来个2P吧。,2p分屏肯定跑不动了，联机倒是很不错，不过就不是塞尔达了,2017-4-10 00:55,moto4ever,
,,,在手机上都能看到电视的颗粒，还吹捧个什么劲，脸都过爆到吓死人。,2017-4-10 10:15,walkman758,
,,在手机上都能看到电视的颗粒，还吹捧个什么劲，脸都过爆到吓死人。,"卡通渲染的高光处理就是这样，不懂先去学，NS的TV模式只有900P，但是一样美，你的审美只看的懂分辨率还是去看4K小电影吧,还有，屏幕上那是摩尔纹，不是什么颗粒，无知真可怕",2017-4-10 10:31,moto4ever,
,,2p分屏肯定跑不动了，联机倒是很不错，不过就不是塞尔达了,我一般都是两个人分别用一个控制器两人配合着玩，效果很赞,2017-4-10 10:52,longfei39,
,,,NS接电浆，就是一个爽,2017-4-10 11:12,星毅℡/星星,
,,NS接电浆，就是一个爽,画面太有灵性了,2017-4-10 11:12,moto4ever,
,,,"满屏锯齿。。。。。,任社硬件配置上总是这么小气，配置总是落后别人1.5个世代",2017-4-10 11:15,boyhanyu,
,,卡通渲染的高光处理就是这样，不懂先去学，NS的TV模式只有900P，但是一样美，你的审美只看的懂分辨率还是 ...,别吹捧你的垃圾货了，没人喜欢画面的颗粒感，除了你这种审美奇葩的人。你应该去找个熊猫黑白电视看看 那个更适合你,2017-4-10 11:17,walkman758,
,,别吹捧你的垃圾货了，没人喜欢画面的颗粒感，除了你这种审美奇葩的人。你应该去找个熊猫黑白电视看看 那 ...,威望-3的奇葩，你继续叫,2017-4-10 11:21,moto4ever,
,,"满屏锯齿。。。。。,任社硬件配置上总是这么小气，配置总是落后别人1.5个世代",分辨率是不高，但是不影响整体的美感，尤其掌机模式本身点对点，而且这次光影特效特别良心，一个卡通渲染配全局光照，这还是头一次,2017-4-10 11:23,moto4ever,
,,威望-3的奇葩，你继续叫,穷到没钱换电视就直说 抱着烂货说无敌就是你的不对了,2017-4-10 11:23,walkman758,
,,穷到没钱换电视就直说 抱着烂货说无敌就是你的不对了,哈哈哈哈哈笑尿了，对我没钱换电视，穷死了快，这花3600买了一个塞尔达，送了个NS，要吃土好几个月哦,2017-4-10 11:25,moto4ever,
看看海尔美的热水器，都由保修变成“包修”了，而且8年，电视什么时候也进入服务竞争,品质高才能节省维修成本，顾客才能是上帝。。。现在靠着维修，挣黑心钱模式，早晚淘汰,,,2017-1-26 08:07,busseen,https://www.jdbbs.com/thread-8163745-1-1.html
咋老美的x700d评分很不错啊，就电影差点,"国内x7000d是缩水版本嘛？校准后分值不低啊，http://www.rtings.com/tv/reviews/sony/x700d,看看电视，在线视频应该够了吧",,,2016-11-2 00:34,sharpgun,https://www.jdbbs.com/thread-7864315-1-1.html
Lg的4100性价比如何？有没有亮点呢？国美的价格很心动,42寸的4058，还有400节能补贴，再送300通用券，请教这款电视机各个方面有何短板？画质如何？,,,2012-9-13 23:30,anya1228,https://www.jdbbs.com/thread-4431072-1-1.html
壯美的4k地球縮時視頻，用來測試電視的4k，效果很不錯,"壮美的4K地球缩时视频。欧洲航天局(ESA)宇航员Alexander Gerst，在国际空间站长达的半年的""Blue Dot""任务中，拍下了12500 张照片，然后ESA)其缩时成一段六分钟的视频，展示了我们最美丽的星球。,4k下载地址：,http://t.cn/RZ2x5Xj,http://yun.baidu.com/share/home?uk=3712096361#category/type=0,其實NASA還有很多高清片值得大開眼界de,用來做測試4k測試片也不錯",,,2014-12-30 09:03,superfire,https://www.jdbbs.com/thread-5191405-1-1.html
,,,貌似LG在这里声望很低啊……,2012-9-14 09:43,anya1228,
国美的东芝电视值得买么,"预算不多客厅用，观看距离大约2.8米 初步意向46寸,今天正好看到一款国美818最后一天活动抢购机  型号是46EL100CS   价格3349,貌似很便宜，比为他代工的TCL价格还低  且LED 看了官网参数，没有超解像，无倍速 2hdmi,下了一单还没付款，请高手指导",,,2012-8-21 20:05,庭鉴,https://www.jdbbs.com/thread-4333079-1-1.html
,,,,2015-9-17 02:59,qwee456,
,,,#在这里快速回复# 哈哈,2016-6-17 20:32,xiliangruoruo,
,,,谢谢楼主，下载看看,2016-7-3 21:38,张先生被注册了,
,,,不知道给不给用券,2012-8-21 20:35,庭鉴,
,,,高手指导下,2012-8-21 21:37,庭鉴,
,,,"居然到这个价格了，怎么抢都划算啊，楼主居然还在犹豫。东芝的画质和TCL没有任何联系，东芝的画质风格韵味，任何品牌都达不到也学不来,这款的画质，绝对超出您的期望，画质清晰，色彩纯正，期待楼主的屏摄来展现",2012-8-21 21:38,qiuhu,
,,,支持下,2016-7-3 22:07,蓝翎,
,,,"http://yun.baidu.com/share/home?uk=3712096361#category/type=0,\,多謝支持",2016-7-3 23:54,superfire,
,,,谢谢分享，已经收藏,2016-7-4 13:08,wjy5178,
,,居然到这个价格了，怎么抢都划算啊，楼主居然还在犹豫。东芝的画质和TCL没有任何联系，东芝的画质风格韵味， ...,那KL100C系列怎么样啊？ 算是那个档次的？,2012-8-21 21:41,wangli123,
,,,这款比起KL100C仅仅缺少超解像功能，性价比非常高,2012-8-21 21:59,qiuhu,
,,,好吧 就这款了,2012-8-22 08:30,庭鉴,
美的537亿日元拿下“东芝生活电器株式会社” 收购是否物超所值？作假账害了东芝,"3月30日晚，,美的集团,股份有限公司发布,公告,称，美的将与东芝株式会社（下称“东芝”）正式签约，以约537亿日元（约合4.73亿美元）收购东芝家电业务的主体“东芝生活电器株式会社”（下称“东芝家电”）80.1%的股权，东芝保留19.9%的股权。同时，美的将获得40年的东芝品牌的全球授权及超过5000项与白色家电相关的专利。,根据双方收购协议，东芝家电将继续开发、生产和销售白色家电产品，如冰箱、洗衣机、吸尘器及其他小家电。美的也将在品牌、技术、营销和员工方面进行持续投入，以充分挖掘东芝家电业务的潜力。,公告预计本次交易最早在今年6月完成。,收购物超所值？,关于此次收购，市场最关心的还是价格，537亿日元到底花得值不值？,公告显示，东芝家电业务主要包含洗衣机、吸尘器、家用空调、冰箱和厨电产品等五大板块。2014年，东芝主要家电产品销量约850万台。截至2015年三季度，东芝家电拥有超过5000名员工，2015年上半财年（4至9月）东芝家电业务实现营业收入约10亿美元。,值得注意的是，东芝在2015年财年上半年负债总额达1244.49亿日元。美的在收购后需要承接东芝家电约250亿日元（约2.2亿美元）对东芝的债务，并需在交割时偿还该等债务。也就是说，实际上，美的需要为此次收购付出共计6.93亿美元的代价。,家电行业资深分析师,刘步尘,在接受《国际金融报》记者采访时表示，在日本本土市场，东芝白电产品市占率保持在前三至前四左右，加上40年的品牌全球授权使用及5000项专利转让，付出这个代价是值得的。“甚至在我看来，仅40年品牌授权使用和5000项技术专利，价值都不止7亿美元”。,刘步尘表示，此次收购最大的价值在于为美的赢得了日本市场，意义重大。“日本至今为止仍然是全球门槛最高的市场，尤其是家电产品，在2005年之前的30年时间里，日本一直是全球家电产业的霸主。时至今日，日本仍然是全球变频控制技术、OLED显示技术主要专利拥有国”。,家电产业研究专家陆刃波向《国际金融报》记者表示，东芝是一个国际化的品牌，无论是在研发能力、国际化人才和国际化市场等方面，在20世纪初的全球影响力都是有目共睹的。美的作为一家白电企业，收购东芝的家电业务实际上是互补的。另一方面，现在都在讲全球化，中国企业不满足于国内市场，所以美的能够收购东芝，对其国际化发展很有帮助。,拿下东芝，意味着美的加速进军海外步伐。据了解，东芝家电在日本、中国和,泰国,拥有9个生产基地，在日本拥有34个销售基地和95个服务基地，在中东、,埃及,等地也都布有销售网点。,谨防“溶血反应”,值得注意的是，就在美的与东芝宣布“联姻”的同一天，鸿海集团收购日本夏普案也最终成交。鸿海宣布以3888亿日元收购夏普，持股66%。在中韩企业日益崛起的今天，日本企业之前所积累的优势受到越来越多的挑战。,陆刃波认为，虽然美的收购东芝总体上说利大于弊，但还是要注意风险。中国企业与日本企业的“联姻”，后期如何整合、如何对抗文化冲突才是最关键的。他强调了两个重要的方面：一是日本企业需要改变经营理念；二是国际化的市场需要依靠国际化的人才。,美的公告也表示，本次交易后，美的将最大程度维持东芝家电现有运作方式，继续坚持东芝高标准的品牌形象、产品品质、客户服务，短期内不准备作出重大调整，并在品牌、技术、营销和员工方面保持持续投入，以充分挖掘东芝家电业务的潜力。,刘步尘认为，这是一种近年来国际并购通行的独立经营模式，出发点在于规避国际并购最容易发生的“溶血反应”，即通常所说的“跨文化整合综合症”。,“美的需要对两个品牌做出从产品到形象的全方位有效区隔，实现差异化经营，至于怎么区隔怎么差异化，需要审慎论证，不是一个高端、一个低端那么简单。”刘步尘表示，“无论美的还是鸿海，都不会对收购企业完全撒手不管，一定会给对方尽可能多的信任和较大的自主经营权，深度整合会等到双方互相适应，实现了文化与情感认同之后再做打算，这是下一步的事了。”,http://stock.hexun.com/2016-04-04/183118728.html,东芝2008年后持续做假账：凭空多出1518亿日元利润,《中国经济周刊》特约撰稿人 陈言|日本东京报道,在日本股市高歌猛进，日经平均股指定格在2万点的时候，人们担心的不是企业不进行设备投资、消费者缺少消费热情、出口难以增长让日本经济发展很难出现上升势头，而是电视上不断出现企业家道歉风景。,“实在对不起股东，对不起广大消费者。”同样的一句话，在总裁说完后，台上所有出席的人便站了起来，齐刷刷地低下头，让头基本上贴在了桌面上，十几秒钟，或者几十秒时间一动不动。,道歉成了日本企业的一道风景。2015年年初以来，3月媒体报道东洋橡胶工业伪造自身产品的防震数字，6月23日，公司总裁山本卓司出来道歉，接着是总裁及其他4名事辞职。LIXIL集团并购国外企业，让公司损失660亿日元，5月和6月总裁两次出来道歉。4月以来，东芝账务造假的消息传出，在电视上已经不知多少次看到东芝人出面道歉了。此外，生产汽车安全气囊的高田公司，在美国发生了死亡8人、伤130人的事件后，6月，高田重久总裁出面道歉。同样在6月，丰田公司美国籍常务事从美国邮寄可以说是止疼药，但也可以说是某种具有大麻作用的非法药品，被东京警方查出，警察迅速逮捕了丰田的常务事；第二天丰田章男总裁出面道歉；美国籍常务事被释放后，立即辞去了在丰田的职务。,也有硬扛的。比如日本媒体报道了大王制纸公司在中国通过行贿方式，将二手设备出口到江苏，并在那里设厂的过程。但大王制纸不做正面回答，相关人员不仅没有受到处分，反而得到了高升的机会。不过这样的企业面临的困难很大，在股东大会上，总裁的人选受到严重质疑，引发了媒体的注目。,东芝的情况有些不同。该公司有140年的历史，2008年以后持续地做假账，让企业凭空多出了1518亿日元的利润。东芝的问题最集中地表露出了日本企业目前的困境。,账务造假毁了140年的名门企业,“140年来的企业品牌遭受到了最大的损毁。”7月21日，当第三方委员会将东芝造假的整个过程梳理完，整理出数百页的报告后，东芝方面就报告内容等召开了记者见面会。面对记者，田中久雄总裁说了这句话。140年中，东芝也曾经出现过因被别国恶意抹黑而遭受名誉重大损失的情形，但这次已经不是谁在抹黑东芝，是东芝自己不得不承认，过去7年里在账务上做了假。,从公开的第三方调查报告看，在田中久雄出任东芝总裁后造假依旧在维持。2013年8月，田中总裁对电视事业部明确地说：“电视业务要是做不出盈利的话，这个部门就要废掉。这不是吓唬你们。”,“动用一切手段实现盈利！”在日本所有公司都不能让电视业务获利的时候，田中总裁严令东芝必须盈利。,当年，田中总裁在公司有过一次“绝密会谈”。他叫来了财务总监、副总裁久保诚，问能否做出盈利来。田中的意思久保自然明白，久保对田中说：“如果您下这个决断的话，我100%听您的，但我个人会反对这样的做法。”,在7月21日记者会上，很多记者自然提到了这段对话。田中总裁坚决地回应说自己并不认为这是要久保造假，而且也没有造假的意图。,笔者私下里接触东芝方面的人时，他们见面的第一句话几乎全是从道歉开始。不是很知根知底的人，除了道歉以外，东芝人便不会谈更多的关于公司的话题。酒过三巡之后，很多人会自然不自然地回想起2008年以后的这7年多时间里公司的巨变。一位中层干部说，自从2008年开始执行“选择与集中”的经营策略后，不论是哪个业务部门，不做出成绩来就意味着不被选择，换句话说就是被淘汰。东芝本来是家产业链非常长的企业，但从2008年开始，主要业务向半导体及核能转变，花了6000亿日元在美国并购了西屋公司。同时为了竞争，需要在半导体方面投入大量的资金，以便能够和三星等国内外企业竞争。,“可惜我们命运非常不济。”东芝的一位中层干部十分懊恼地说。半导体算是东芝投资很大的业务，但半导体需要不断追加投资，能隔几年投入数十亿美元的企业不多。不进行投资，就会在生产技术上落后于人。东芝的半导体说是盈利了，但实际上长年处于潜亏的状态。,核电就更不用说了。2011年的大地震，几乎让日本失去了扩建核电站的可能性，去国外建核电站，需要国家的支持。在已经失落了20年的日本，国家能给企业在核电上的支持不多。,想要保持盈利，实际上非常的困难。日本综合电机企业发生亏损，已是司空见惯。如日立在2009年宣布亏损7080亿日元；松下在2012年和2013年连续两年对外宣布亏损7000亿日元。名门企业东芝，虽也在2009年对外宣布亏损3400亿日元，但和业态大致相同的日立比起来，东芝的亏损属于非常“轻微”了。今天我们从第三方委员会对东芝的调查报告发现，其实东芝的造假是从2008年开始的，亏损被掩饰了下来，而且一做就是7年。,事的辞职与企业退市风险,田中久雄总裁谈的“最大的损毁”，是这次造假败露后，给东芝140年历史带来的恶果，而田中本人不得不为这次造假承担责任。日本媒体一直推测田中会在9月的股东大会上正式辞职，但出乎意料的是在7月21日这天，东芝现任总裁田中，上任总裁佐佐木则夫等8人宣布引咎辞职。14人组成的东芝事会，基本上已经成了空架子。,7月23日，美国投资人最先开始向东芝发难。购买了东芝股票的美国投资人向加利福尼亚州地方法院起诉东芝总裁等人，原因是东芝账务造假，误导了他们的投资行为，要求企业赔偿投资人的损失。估计用不了多少时间，日本投资者也会提起相关诉讼。东芝总裁等个人需要赔付的损失费，将以数十亿日元计算。“在企业当事，通常能做两任，也就是4年。一旦因为工厂发生事故，账务瑕疵等导致企业股价大规模下滑，事需要承担比报酬多出几十倍的赔付费用。在企业当事如履薄冰。”一位在企业做过事的人对笔者说。,进入诉讼后，需要证明账务上的问题，不属于有意为之。“压部下出利润，这在我们企业是一种常态。但造假不敢。”一家商事企业的高管对笔者说。很多时候利润确实是压出来的。2008年以后，东芝总裁反复要求各个部门出效益，出利润，最终出了1518亿日元的假账。在7月21日的记者会上，田中总裁反复否认企业有意造假，而同时出来见记者的第三方调查委员会成员，用词虽然不是很明确，但明白人一听都知道那就是说企业以组织形式在编造假账。,日本证监会将根据金融商品交易法对东芝处以行政处分，罚款应该不会少。曾经做过东芝总裁的西室泰三，从东芝退下后长期出任东京证券交易所的事长兼总经理。如今东京证券交易所将会把东芝股票放入“特别注意”一栏中，如果一年以内没有对造假账一事作出明确的处理，将会让东芝退市。之前，东芝造假账给日本股东及投资人的信任带来了损失，为此至少需要向东京证券交易所支付9000万日元的“上市契约违约金”。,日本企业在2015年事件频出，东芝造假该是诸多事件中最为引人注目的一个。大王制纸等事件尚处于发酵中，今后媒体关注的各种事件将层出不穷，人们也能从电视上看到更多的总裁道歉的镜头。",,,2016-4-13 21:59,passarella,https://www.jdbbs.com/thread-6182521-1-1.html
,,,照这个价钱来说，这种配置以及很不错了,2012-8-22 08:33,michelle832,
,,这款比起KL100C仅仅缺少超解像功能，性价比非常高,"本帖最后由 梅花8 于 2012-8-22 09:32 编辑,46KL100C带不带超解像？,46KL100C的面板是什么面板啊？,东芝的46FL150C这款带超解像功能吗？,46FL150C和46KL100C综合来讲相比哪款更好一些？,46EL100CS,和46KL100C综合来讲相比哪款更好一些？,各自都是什么面板有什么区别？",2012-8-22 09:29,梅花8,
,,,送货来电话说还有350的节能补贴 补贴之后2999 等送货中...,2012-8-24 15:03,庭鉴,
,,,,2016-4-13 23:56,qwee456,
,,,咸吃萝卜淡操心,2016-4-14 00:04,战斗国家,
,,咸吃萝卜淡操心,这话说得，丢自己人,2016-4-14 00:30,passarella,
,,这款比起KL100C仅仅缺少超解像功能，性价比非常高,EL沒有KL的音響好吧 另外EL不支持視頻ＵＳＢ,2012-8-24 17:20,boss731,
,,送货来电话说还有350的节能补贴 补贴之后2999 等送货中...,２９９９的價格不用猶豫 可以馬上入手 畫質的話 憑良心說一般。（僅限個人觀點）,2012-8-24 17:21,boss731,
,,"46KL100C带不带超解像？,46KL100C的面板是什么面板啊？",據說都是三星面板。 另外貌似KL的對比度比EL高些。,2012-8-24 17:23,boss731,
,,咸吃萝卜淡操心,应该羡慕日本的法制，国内造假的估计多了去了，有哪家会受到这种惩罚？如果有这么严格的法律，国内的股市估计会好很多。,2016-4-14 09:15,高达2008,
,,应该羡慕日本的法制，国内造假的估计多了去了，有哪家会受到这种惩罚？如果有这么严格的法律，国内的股市 ...,日本也是造假，夏普1000亿日元就这么省的,2016-4-14 09:38,passarella,
,,,"顺便问问,当下有几个品牌都变成了代工或者贴牌,,飞利浦,东芝,三洋,先锋,,哪款相对而言好点?,这几个贴牌产品比起纯国产自主品牌如创维海信之类,又如何呢?",2012-8-24 18:21,罗大佑888,
,,,"前两个都可以,后两个是拉圾.,前两个好于国产,后两个不如国产,",2012-8-24 18:49,东北傻帽,
Midea/美的DE12G21豆浆机怎么样,"豆浆机什么牌子的好,？这是很多想买豆浆机的朋友会问到的，虽然说买豆浆机，大家都认为选择九阳豆浆机是首选，但是不得不承认的是其他品牌豆浆机也有做的很不错的，比如Midea/美的DE12G21豆浆机。,美的DE12G21采用2层不锈钢构造而成，机头下盖也是由不锈钢组成，这样在打果汁的时候不容易染色，食用也比较健康；底盘是360度加热比以前更全面了，电机是采用直流电机，声音小，比较轻；刀头是仿生使魔刀，终生保修的，机头是直流电机寿命长，功率高，360度加温。,下面我们来看下这款豆浆机的基本资料：,产品名称：Midea/美的 DE12G21,家电品牌: Midea/美的,美的豆浆机型号: DE12G21,颜色分类: 随机赠送豆子,容积: 1L-1.5L,豆浆机功能: 干豆 湿豆 米糊 五谷 玉米汁,杯体材质: 不锈钢杯体,是否有网: 无网研磨,价格区间: 201-300元,豆浆机功率: 750W及以下,售后服务: 全国联保,豆浆机加热方式: 底盘加热,自动清洗功能: 无,保温功能: 有,适用人数: 4-5人,我们再来看下买过“美的DE12G21”这款豆浆机的朋友是怎么评价的：,[08.21] www.htdgw.com cdsd,东西很不错，确为正品。我试用了一下，声音也正常。有正规发票，卖家服务态度也相当不错。两个字，满分！,[08.20] 自由在我心365,确认收货后 2 天追加评价,用了几次，打出的豆浆很香，客服也不错，这款在超市要299，物美价廉，建议周围的同事也来买。,[08.18]十五星月湾,豆浆机还不错，打出来的豆浆挺香的。声音是有点大，但也可以理解，毕竟打的是干豆子嘛。赠品就有点郁闷了，2011年9月20日生产的，保质期一年！这种心情真像是啃明天就要过期的方便面啊。不过，看在珂珂客服态度那么好的份上，还是给5分吧。,上面的全是到我们店买过“美的DE12G21”这款豆浆机的客户评价，小编没有经过任何修改的，大家可以到我们店去看一下。,现在很多人想买豆浆机，但是就是不知道应该买那个牌子的，都,在问,豆浆机什么牌子的好,？,其实“,Midea/美的DE12G21豆浆机,”就是一个不错的选择。",,,2012-8-25 23:49,a012,https://www.jdbbs.com/thread-4336762-1-1.html
,,,说到造假，中国人（含台湾）都笑了。,2016-4-14 09:43,chncwk,
,,说到造假，中国人（含台湾）都笑了。,有一个现象，中国的发展始终伴随着崩溃论，结果呢？,2016-4-14 10:13,passarella,
,,有一个现象，中国的发展始终伴随着崩溃论，结果呢？,"结果山寨拯救了中国啊，中国又拯救了世界。,我们的孩子们都幸福的喝上了三鹿奶，吃上了地沟油。",2016-4-14 11:31,chncwk,
美的中央空调，美的M-HOME家庭中央空调合肥服务中心,"作,者,被,禁,止,或,删,除, ,内,容,自,动,屏,蔽",,,2012-6-29 17:52,jinxiang0329,https://www.jdbbs.com/thread-3887713-1-1.html
,,"结果山寨拯救了中国啊，中国又拯救了世界。,我们的孩子们都幸福的喝上了三鹿奶，吃上了地沟油。",今天习大大还谈到了网络,2016-4-19 23:00,passarella,
,,今天习大大还谈到了网络,"咋？想当带鱼了,？",2016-4-19 23:29,战斗国家,
看来看去，最完美的显示技术还是那个被雪藏的SED？,"看来看去，最完美的显示技术还是那个被雪藏的SED？,现有的OLED仍有一大堆缺点,求高人解惑",,,2016-4-15 11:06,why3000,https://www.jdbbs.com/thread-6183235-1-1.html
TRUEOLED！！！  奇美的OLED 屏碉堡了！,"起名碉堡了，一下子就壓住SAMSUNG 的,AMOLED。 我是真，誰是偽？,{:soso_e113:},奇美電子主要展出技術：,高解析主動有機發光顯示器技術「TRUEOLED」 ：,? 呈現真實自然色彩。,? 低成本、高良率的優勢。,? 極廣的可視角度。,? 耗電量比傳統AMOLED顯示器更低。,? 將於2012年第四季量產。",,,2012-6-5 23:06,gzpatrick,https://www.jdbbs.com/thread-3768570-1-1.html
,,,"你又不搞研发，问这个干嘛？,完美的东西这个世界上根本不存在。",2016-4-15 11:45,chncwk,
,,"你又不搞研发，问这个干嘛？,完美的东西这个世界上根本不存在。",所以被雪藏了。。。,2016-4-15 11:48,why3000,
,,,分辨率低了点啊 才HVGA 和诺基亚塞班3的nHD,2012-6-5 23:13,sonyiori,
,,分辨率低了点啊 才HVGA 和诺基亚塞班3的nHD,量產屏 的分辨率 說要達到326ppi 的 [s:97],2012-6-5 23:21,gzpatrick,
,,量產屏 的分辨率 說要達到326ppi 的,"真的？那太好了 ，台湾加油啊,用在智能手机上",2012-6-5 23:25,sonyiori,
,,,"本帖最后由 bluejd 于 2016-4-15 12:23 编辑,目前看来还是主要以OLED为发展趋势，但需要时间进化完善",2016-4-15 12:21,bluejd,
看了一部挺美的电影，发点屏摄上来。【SONY HR36M90】,这片子构图和色彩太有艺术气息了。,,,2015-12-16 23:08,xunxun,https://www.jdbbs.com/thread-5781352-1-1.html
,,,还以为是55 “ 的，连巴掌都不到，这里是电视专版撤，楼主拿个手机当电视啊,2012-6-5 23:48,czjiu,
,,还以为是55 “ 的，连巴掌都不到，这里是电视专版撤，楼主拿个手机当电视啊,"你是版主？版主還沒發話呢 [s:14],早上還有個SAMSUNG CMOS 的主題貼呀，你也不管一下 [s:41]",2012-6-6 00:18,gzpatrick,
,,,奇美？电视？？,2012-6-6 09:16,sunflyer,
,,,多图杀猫，把今天的附件流量用完,2015-12-16 23:09,xunxun,
,,,OLED做大才难呀，没看到现在大屏平板唯一的一块只有7.7，新出的TAB2都是PLS,2012-6-6 11:50,draja,
,,"这也碉堡？,乡巴佬大惊小怪","名字碉堡而已，又没有说素质刁 [s:41],我就是 广州贫农，没见过世面，有怪莫怪[s:14]",2012-6-17 10:25,gzpatrick,
,,,,2015-12-16 23:12,chncwk,
,,,继续欣赏,2015-12-16 23:15,xunxun,
,,,"晕倒,咋吵起来了",2012-6-17 10:59,zztkingsun,
3D电视中，你感觉用那种来看3D节目效果才是最完美的啊？,"很想要买一台,3D电视，请问,3D,电视中，你感觉用那种来看3D节目效果才是最完美的啊？",,,2012-4-29 13:23,炫耀灿烂,https://www.jdbbs.com/thread-3655079-1-1.html
,,,"本帖最后由 xunxun 于 2015-12-16 23:22 编辑,END。。。。。。。。。。。。。。。。。。。",2015-12-16 23:17,xunxun,
,,,我觉得3D都是忽悠人的，昏暗的画面。电视节目更加不用说了。,2012-4-29 13:47,snaqrn,
,,,很多人推荐他那款刚上市的无边硬屏3D电视，大家不知明白没有？,2012-4-30 00:10,snaqrn,
,,,很多人推荐他那款刚上市的无边硬屏3D电视，大家不知明白没有？,2012-4-30 00:10,snaqrn,
,,,,2015-12-16 23:17,chncwk,
,,这是啥机器？？？？？？？,HR36M90,2015-12-16 23:31,xunxun,
,,,好枪啊！,2012-5-1 13:42,高保真,
,,,3D买SONY就保险拉。有边无边无所谓。,2012-5-1 15:40,let,
大家都来发发你认为最美的电视造型~,"我先抛砖引玉,e2p364y97953s.jpg,(34.58 KB, 下载次数: 85),下载附件,2012-3-19 23:33 上传",,,2012-3-19 23:33,happydoing,https://www.jdbbs.com/thread-3562350-1-1.html
,,,终于出手了。。,2015-12-17 01:01,阿里斌斌/ka,
,,,有没4K机有这种效果,2015-12-17 01:04,阿里斌斌/ka,
,,,坠入,2015-12-17 08:16,勾魄,
,,,"e2p364y97953s.jpg,(43.36 KB, 下载次数: 85),下载附件,2012-3-19 23:35 上传",2012-3-19 23:35,happydoing,
,,,造型最美的电视适合做家具,2012-3-19 23:50,yack31,
,,,"索尼NX,HX浑然天成，当仁不让",2012-3-20 02:01,okzi,
,,,感觉是不是色彩太浓郁了，不过CH发的那个又有点病态的黄灰色。不知道原片更接近谁,2015-12-17 09:15,472708235,
,,感觉是不是色彩太浓郁了，不过CH发的那个又有点病态的黄灰色。不知道原片更接近谁,这片子色调就是这样的。,2015-12-17 12:38,xunxun,
,,这片子色调就是这样的。,啥片名~,2015-12-17 13:06,阿里斌斌/ka,
,,,家里现在服役SHARP的46GX，近来看好SONY的55HX920或者HX820，浑然天成:victory:,2012-3-20 07:48,飞机飞飞飞,
,,,依先锋的风格不应是圆底座啊。山寨？,2012-3-20 16:01,bill.johnson,
,,,你是想炫那个。。b&o吧,2012-3-22 17:00,haihai081,
,,啥片名~,坠入 The Fall,2015-12-17 15:03,xunxun,
这个才是完美的等离子，秒600M,"作,者,被,禁,止,或,删,除, ,内,容,自,动,屏,蔽",,,2015-10-18 20:29,鲁迪MD2耳机,https://www.jdbbs.com/thread-5724387-1-1.html
,,依先锋的风格不应是圆底座啊。山寨？,500a是圆形底座,2012-3-22 19:02,日系电器,
,,,早期的日立和夏普不错(0405年左右),2012-3-22 19:06,日系电器,
,,,早期飞利浦和松下也不错,2012-3-22 19:06,日系电器,
,,,拍得很漂亮,2015-10-18 20:57,GGGYGYGY,
,,,索尼的悬浮式设计也不错,2012-3-22 19:09,日系电器,
,,,都差不多，大方块，看的时候都看屏幕图像，谁注意边框 啊！,2012-3-22 19:11,37704950,
,,,设计最漂亮的是夏普的XS1和RX1,2012-3-22 19:46,zhangbinworld,
,,,楼主是松下监视器吧？除了它其它机机没有这种画质了。,2015-10-18 21:00,zhengfalian,
,,,拍的真好。颜色适当的在调淡点,2015-10-18 21:03,蓝翎,
,,,这个喇叭花非常好,2015-10-18 21:03,qwee456,
,,你是想炫那个。。b&o吧,呵呵，还有认识B&O的，我觉得我家上SONY的55HX920的话，视觉更佳，配搭B&O更好看,2012-3-22 23:09,飞机飞飞飞,
,,,只要效果好，可以有多丑做多丑的哈！我会支持！,2012-3-22 23:52,蒙特拉QI3,
什么样的3D电视会有最完美的立体影像呢？,一心想要给家里买台3D电视，可一直也没有时间，大家伙给说说吧，你们比较喜欢什么样的呢？,,,2012-3-20 12:00,今朝醉归,https://www.jdbbs.com/thread-3562647-1-1.html
,,,松下超大屏幕机器？,2015-10-18 21:27,passarella,
,,,亮型号,2015-10-18 21:44,五行钉,
,,,作者被禁止或删除 内容自动屏蔽,2015-10-18 21:44,五行钉,
,,,有朋友给我介绍说即将要上市一款无边硬屏的不闪式3D电视，它的观看效果是最出色的，稳定性强，不会有画面重影的毛病，播放流畅真实，画质清晰，再加上3D电视频道在春节就正式开播了，3D内容增加了，《3D乐园》、《舞蹈世界》、《极限斗牛》等节目都非常的精彩，大家很期待吧。,2012-3-20 13:55,崆峒gaka,
,,,偶还是比较喜欢不闪,2012-3-20 14:07,csbxti,
,,,枪文会出现,2012-3-20 14:25,wwxb,
,,,作者被禁止或删除 内容自动屏蔽,2015-10-18 21:44,五行钉,
,,,作者被禁止或删除 内容自动屏蔽,2015-10-18 21:44,五行钉,
,,,作者被禁止或删除 内容自动屏蔽,2015-10-18 21:44,五行钉,
,,天猫视频盒的视频，不是蓝光碟哦,盒子效果竟然这样惊艳，确实可以,2015-10-18 22:52,qwee456,
,,,无边硬屏的3D电视没有画面重影的毛病，播放流畅真实，画质清晰！推荐！,2012-3-20 15:58,梧桐luoyes,
50系列老美的价格出来了，很便宜,上图了，价格降下来了,,,2012-3-4 00:59,dmran,https://www.jdbbs.com/thread-3550747-1-1.html
,,,作者被禁止或删除 内容自动屏蔽,2015-10-18 22:52,qwee456,
,,随手拍的，不是平射高手，见笑,但是拍出的效果确实是高手效果啊,2015-10-18 23:08,qwee456,
,,,作者被禁止或删除 内容自动屏蔽,2015-10-18 23:08,qwee456,
现有一批美的出口洗衣机，型号为MD80-1407LIDG 市场价10990元，我们只需2999元,"作,者,被,禁,止,或,删,除, ,内,容,自,动,屏,蔽",,,2015-10-13 19:11,徐可龙888,https://www.jdbbs.com/thread-5719567-1-1.html
,,,自己坐回沙发,2012-3-4 01:00,dmran,
,,,中国的网站登不上估计在改版,2012-3-4 01:05,dmran,
,,,好高大上的样子,2015-10-13 19:14,sohuang,
,,,这玩意怎么买 发物流吗？,2015-10-13 21:44,sjh0910,
,,,国内价格估计×1.5,2012-3-4 01:06,hellpapa,
,,,价格降下来了，代表画质又再度飞跃了[s:20],2012-3-4 01:08,日系电器,
,,,现在美国30价格与50基本没多大区别，松下应该意识到了pdp价格过高，价格下来了销量会不会上去呢？,2012-3-4 01:23,dmran,
,,,有保修吗？,2015-10-13 21:47,laoyangshu,
,,,,2015-10-13 22:07,qwee456,
,,,这么快就上市了，刚买了3个月就要过时了。,2012-3-4 01:28,kaphyr,
,,,上边尖下边圆，蛋疼的造型。,2012-3-4 01:36,happydoing,
,,,坚决等50C系列出了再出手!!!最好在5.1活动!!!!!!!,2012-3-4 02:23,zzxxmdx,
,,朋友，帮忙推广推广一下谢谢,"这不已经在顶贴了么,这个好像真的挺高级的。",2015-10-13 22:33,qwee456,
,,,DD电机还是传统的皮带传动？,2015-10-13 23:43,robort2010,
,,,不错的东西,2012-3-4 03:18,xjh8406,
,,,没见到VT50的价格？,2012-3-4 08:51,wstbx2005,
,,,松下美国官网的信息。,2012-3-4 08:52,ddhehui,
,,谢谢！,,2015-10-13 23:57,qwee456,
,,,作者被禁止或删除 内容自动屏蔽,2015-10-13 23:57,qwee456,
,,,[s:97][s:97],2012-3-4 09:04,dmran,
,,,松下中国官网网址有变，竟然没前面的WWW了,2012-3-5 03:35,dmran,
,,,"好呀,到时候再搞台50系列的玩玩.",2012-3-5 03:36,hwyangjin,
49X8500B苏宁尾货卖7500 国美的尾货只要5700可能是返修机，如何选？,请问索尼49X8500B苏宁尾货卖7500 国美的尾货只要5700，但国美销售给我说太便宜了，多半是残次机返修机，喊我最好不要买 二选一 还是等国庆活动撸55X8500c 目前要9000左右 最低8600,,,2015-9-23 22:34,boaa,https://www.jdbbs.com/thread-5708723-1-1.html
最完美的显示技术早就有了 SED  可惜被液晶集团联合绞杀了,"耗电只有液晶的三分之一  可以采用印刷技术生产  技术也完全成熟 一句话 “就是超薄和超大尺寸的高端特丽珑 ”！不会有OLED的技术瓶颈和尺寸缺陷！  结果 因为关键材料专利在液晶集团手里 胎死腹中 东芝被迫离开  挨千刀的液晶 人类视觉文明的刽子手！,最可贵的 是 SED具有CRT那样的 对非高清信号的兼容度  因为是点状呈像  就像胶片照相机一样  放大无数倍 也是点圆为单位的 视觉上很舒服  而无论液晶还是等离子 都是格子作为基本单位的 说穿了 就是马赛克！ 一旦信号不是高清信号  马赛克就会显现！",,,2012-1-17 19:16,栗子大梨子,https://www.jdbbs.com/thread-3517060-1-1.html
欧洲的松下比北美的要纯正,"在北美  因为三星  vizon  等廉价大机的冲击  松下也是节节败退,只有德国  英国等追求生活品质  收入高福利好的国家  松下电视还算生存的不错",,,2015-9-4 16:53,栗子大梨子,https://www.jdbbs.com/thread-5687092-1-1.html
,,,[s:41],2012-1-17 19:19,Andnote,
,,,等吧，我现在是很少看电视，电脑的液晶屏就那样了，还能忍受,2012-1-17 20:51,laoyangshu,
,,,日本本土的最纯正,2015-9-4 17:28,蓝翎,
,,,松下在欧洲的销量也不算好了。,2015-9-5 00:48,qwee456,
,,,"百度百科名片,SED（Surface-conduction Electron-emitter Display）谈到平板显示技术，多数人可能只知道液晶和等离子，有人可能还知道有机发光二极管（OLED）显示技术、电致发光EL显示技术和电子纸，但对SED这种显示技术，知道的人可能就不多了。在画质上，SED全面胜过了液晶和等离子电视，而且功耗也比同尺寸的液晶和等离子电视低得多。SED的横空出世，让人们又多了一个选择。",2012-2-17 10:50,autochina,
,,,[s:16][s:16],2012-2-17 11:00,jdbbslgm,
请问，买国美的这两台样机合算不？内有价格,最近想买两台电视，看好55w950b和50w700b，准备一个放客厅一个放书房。天天上三大电商都没活动，要不就有价无市。去国美和苏宁，一问，都下架了。国美还有两台样机，号称开机不超过500小时，55w要4999，50w要3100，请问各位大神可以买样机吗，价格合适吗？谢谢！,,,2015-6-29 16:01,清醒堕落,https://www.jdbbs.com/thread-5651385-1-1.html
,,,恐怕不是单纯材料专利的问题。,2012-2-17 12:50,richzz,
,,,为什么中国山寨这时候就不行了吗？他们不行中国可以搞一搞啊！,2012-2-17 13:42,sunbinjin,
,,,书房有必要放电视吗？显示器足矣。,2015-6-29 16:38,chncwk,
,,,书房还是娱乐房,2015-6-29 16:47,wdw360,
,,,950b 收了吧,2015-6-29 17:09,alexbro,
,,,[s:97][s:97],2012-2-17 14:08,hwyangjin,
,,,园点和圆点中间的空档，用什么填充？,2012-2-17 14:27,ddingd,
,,园点和圆点中间的空档，用什么填充？,"显示器的像素之间都有间隙的，不管是CRT,LCD.PDP只不过是像素点小，人对间隙的感觉不明细了。,你可以拿放大镜到屏幕前面去看看。",2012-2-17 15:44,zyyang1978,
,,,这两台的价格真的都很便宜，赶紧买。,2015-6-29 20:35,qwee456,
,,,果断入950B,2015-6-30 23:47,幼枫,
,,书房有必要放电视吗？显示器足矣。,显示器投入比电视大,2015-7-1 01:01,日系电器,
,,,楼猪犯傻，终于被绞杀了[s:97],2012-2-17 17:55,高清盟友,
,,,好东西不一定能商品化，商品化的不一定是好东西,2012-2-18 01:35,qwerqwer,
,,,"本帖最后由 autochina 于 2012-2-18 01:53 编辑,楼主被绞杀了，俺帮帮忙：,好东西为何迟迟不上市？,作为SED的发明者，佳能公司早在1986年就开始SED相关技术的研发，但当时缺乏半导体芯片和其他电路技术的支持，SED一直没有走出实验室。 　　1999年，东芝公司与佳能就SED显示技术签署了合作协议，双方共同将该技术推向实用化。佳能经历过喷墨打印机漫长而艰辛的独立研发，在微细加工技术上积累了雄厚的实力，而东芝在电视技术上有很强的研发实力，两家合作开发SED显示技术，可谓珠联璧合，对推进SED的产业化极为有利。又经过几年的联合攻关，SED终于到了成熟阶段。2004年9月14日，东芝与佳能联合宣布将成立集研发、生产和销售SED面板及电视设备、显示设备于一体的合资公司SED Inc.（双方各占50%股份）。 　　SED公司借助于佳能和东芝双方强大的研发力量，SED产品眼看就要推出了。可是就在这个节骨眼上，美国Nano-Proprietary公司与佳能公司在SED面板制造工艺的专利授权方面产生了意见分歧，一纸诉状将佳能告上法庭。2007年5月3日，美国法院做出裁定，“佳能公司将Nano-Proprietary公司的受权范围扩大到了东芝等其他日本厂商，违反了协议，Nano-Proprietary公司有权终止与佳能的协议。”佳能在输掉官司之后，只好让东芝退出SED有限公司的股份。在发生了这样的变故之后，原定于2007年第四季度SED产品上市的计划泡了汤。 　　业内人士认为，SED发展道路之所以一波三折，为官司所困只是问题的冰山一角，国际利益集团想方设法阻止下一代显示技术的上市，才是深层次的原因。有消息称，早在两三年前，就有电视制造商打算购买SED技术并将其封存，因为SED电视一旦投产，对液晶和等离子制造商来说无疑是致命的打击。假如说SED的某些关键技术专利被其他公司拥有，而这些公司从自身利益考虑，抱有打死也不卖的想法，将给SED的未来蒙上阴影。,佳能2010年8月18日宣布，将于2010年9月30日解散从事平板电视显示技术“SED（surface-cONductionelectorn-emitterdisplay）”开发的全资子公司SED.受平板电视价格大幅下滑的影响，“我们认为难以在确保赢利的基础上实现SED的投产”（佳能公关部）。SED公司的所有业务将于2010年9月末结束。SED的研究开发计划将在佳能内部进行。",2012-2-18 01:45,autochina,
,,,不行定下来算了，安装两个悬臂，吊在墙上。,2015-7-2 16:27,清醒堕落,
国美的三星中端电视清仓只要2999啊,"http://item.gome.com.cn/9127390619-1116430271.html?cmpid=cps_1017_989_d&sid=1017&wid=989&feedback=d,只可惜仅限北京,我是深圳这边的有哪位好心人帮忙带下一台然后运回深圳啊,运费到付哟{:soso_e100:}",,,2015-5-2 11:04,taul,https://www.jdbbs.com/thread-5498184-1-1.html
今天去国美的心得,"今天去国美看电视，国产的店面好大，合资比较可怜，都是在过道上。,1，感觉lg画质还是不行，看高清卫视不清晰。,2，sony促销人员不在，没得试。,3，夏普便宜那款60寸，画质很差，粗糙。国美卖2万多的52寸夏普，四色机，确实很不错。,4.一直不喜欢三星，还是看了浙江卫视高清，还是觉得三星最清晰，亮丽，色彩都不错。,5，康佳，海信的画质，真的不认可，tcl太亮了，创维清晰度不够，但居然长虹还勉强。,6，麻烦，我居然不能适应快门，适应较差的偏光，三星很贵，但是确实想买，然而对快门很不适应，10分钟就头晕，咋办？",,,2012-2-8 17:46,nnhifi,https://www.jdbbs.com/thread-3532036-1-1.html
,,,我在韶关都有货啊 深圳竟然没有,2015-5-2 12:46,loading0088,
,,我在韶关都有货啊 深圳竟然没有,"能不能帮忙下一台啊,然后运到深圳运费到付",2015-5-2 13:42,taul,
,,"能不能帮忙下一台啊,然后运到深圳运费到付",我看错了,2015-5-2 15:02,loading0088,
,,,另外，松下去年就撤了，找了半天找不到松下。,2012-2-8 19:09,nnhifi,
,,,感觉国产车，舒适感还是差一点啊,2012-2-8 19:56,nnhifi,
,,,貌似这样做购机款要代下者垫付的,2015-5-2 20:55,wdw360,
,,貌似这样做购机款要代下者垫付的,直接闲鱼上交易就行了 在者说我不是骗子,2015-5-3 18:27,taul,
,,貌似这样做购机款要代下者垫付的,可以给点好处费总行吧,2015-5-5 12:08,taul,
,,,本人就开国产车，粗看还行吧，看细节差距还是明显的,2012-2-8 20:01,蒙特拉QI3,
,,,长虹50900如何？,2012-2-8 22:24,bosch2011,
,,看看今年的国产车工艺比5年前的，是否是个质的飞跃,嗯！李书福滴吉利帝豪EC8特别适合你！,2012-2-8 22:58,dw0425,
三个画面很美的纪录片,"BBC：海洋天堂大堡礁,DSCF3287.jpg,(229.72 KB, 下载次数: 6),下载附件,2014-8-21 12:39 上传,DSCF3296.jpg,(175.88 KB, 下载次数: 3),下载附件,2014-8-21 12:40 上传,DSCF3302.jpg,(152.38 KB, 下载次数: 3),下载附件,2014-8-21 12:41 上传,DSCF3320.jpg,(157.86 KB, 下载次数: 3),下载附件,2014-8-21 12:41 上传,DSCF3346.jpg,(161.14 KB, 下载次数: 3),下载附件,2014-8-21 12:42 上传,DSCF3360.jpg,(248.71 KB, 下载次数: 3),下载附件,2014-8-21 12:43 上传,DSCF3369.jpg,(113.14 KB, 下载次数: 3),下载附件,2014-8-21 12:43 上传,雅克贝汉：鸟与梦飞行,DSCF3371.jpg,(79.06 KB, 下载次数: 1),下载附件,2014-8-21 12:44 上传,DSCF3372.jpg,(123.51 KB, 下载次数: 3),下载附件,2014-8-21 12:44 上传,DSCF3377.jpg,(217.32 KB, 下载次数: 3),下载附件,2014-8-21 12:45 上传,DSCF3378.jpg,(149.45 KB, 下载次数: 3),下载附件,2014-8-21 12:45 上传,DSCF3388.jpg,(164.36 KB, 下载次数: 1),下载附件,2014-8-21 12:46 上传,DSCF3375.jpg,(170.73 KB, 下载次数: 3),下载附件,2014-8-21 13:08 上传,DSCF3390.jpg,(163.3 KB, 下载次数: 4),下载附件,2014-8-21 12:46 上传,DSCF3403.jpg,(174.04 KB, 下载次数: 1),下载附件,2014-8-21 12:46 上传,DSCF3426.jpg,(135.28 KB, 下载次数: 3),下载附件,2014-8-21 12:47 上传,DSCF3431.jpg,(165.6 KB, 下载次数: 2),下载附件,2014-8-21 12:47 上传,DSCF3432.jpg,(203.28 KB, 下载次数: 4),下载附件,2014-8-21 12:48 上传,BBC：种出个地球,DSCF3448.jpg,(84.18 KB, 下载次数: 2),下载附件,2014-8-21 12:48 上传,DSCF3466.jpg,(199.9 KB, 下载次数: 3),下载附件,2014-8-21 12:49 上传,DSCF3469.jpg,(288.88 KB, 下载次数: 3),下载附件,2014-8-21 12:49 上传,DSCF3471.jpg,(151.55 KB, 下载次数: 4),下载附件,2014-8-21 12:50 上传,DSCF3473.jpg,(151.27 KB, 下载次数: 4),下载附件,2014-8-21 12:51 上传,DSCF3475.jpg,(119.36 KB, 下载次数: 3),下载附件,2014-8-21 12:52 上传,DSCF3476.jpg,(140.74 KB, 下载次数: 5),下载附件,2014-8-21 12:53 上传,DSCF3485.jpg,(184.73 KB, 下载次数: 3),下载附件,2014-8-21 12:54 上传,DSCF3489.jpg,(127.14 KB, 下载次数: 3),下载附件,2014-8-21 12:56 上传,DSCF3497.jpg,(129.84 KB, 下载次数: 2),下载附件,2014-8-21 12:59 上传,DSCF3511.jpg,(113.78 KB, 下载次数: 4),下载附件,2014-8-21 13:01 上传,DSCF3518.jpg,(152.77 KB, 下载次数: 3),下载附件,2014-8-21 13:02 上传,DSCF3528.jpg,(111.39 KB, 下载次数: 4),下载附件,2014-8-21 13:04 上传,DSCF3532.jpg,(195.43 KB, 下载次数: 3),下载附件,2014-8-21 13:05 上传",,,2014-8-21 13:13,阿里斌斌/ka,https://www.jdbbs.com/thread-5110342-1-1.html
,,,长这么大了还没去过国美,2012-2-8 23:04,mingsz8,
,,,等三星OLED,2012-2-8 23:05,蓝翎,
,,,国产长虹应该不错了,2012-2-9 10:00,wuliujia,
,,,不错，有链接吗？我也去下个,2014-8-21 13:18,飘在空中的鱼,
,,不错，有链接吗？我也去下个,"我这几个是在京东白菜价买的碟，下载可能没有那么清晰,http://www.qvocd.org/emule.php?vid-20890.html,鸟与梦飞行,http://www.qvocd.org/emule.php?vid-25541.html,大堡礁,http://www.bttiantang.com/subject/19431.html,种出个地球",2014-8-21 16:49,阿里斌斌/ka,
北京国美的松下TH-P55VT31C最近一直没货，网上商城无法下单，其他大小城市都有，为何,如题，北京国美的松下TH-P55VT31C最近一直没货，网上商城无法下单，其他大小城市都有，不知为何原因？自觉挺搞笑的，有人买的地方无货，真的理解不了！,,,2012-1-19 22:50,想弄明白,https://www.jdbbs.com/thread-3518167-1-1.html
,,"我这几个是在京东白菜价买的碟，下载可能没有那么清晰,http://www.qvocd.org/emule.php?vid-20890.htm ...",谢谢,2014-8-21 17:46,飘在空中的鱼,
,,,厉害，BBc的纪录片效果好的要死,2014-8-22 14:14,看MV,
,,,"本帖最后由 黄金招财猫 于 2014-8-22 14:57 编辑,还不错，你放个时间的风景看看,大堡礁可以下这个：magnet:?xt=urn:btih:F01DF526D6420539B08E5F4E9D289450D96F3FBA",2014-8-22 14:40,黄金招财猫,
,,,京东吧，13999目前。,2012-1-20 11:03,koalal,
,,,"12888,长沙能够买到.",2012-1-20 14:15,hwyangjin,
,,"还不错，你放个时间的风景看看,大堡礁可以下这个：magnet:?xt=urn:btih:F01DF526D6420539B08E5F4E9D289450 ...","{:soso_e101:}4K 这播不起啊。。。。,QQ图片20140822145825.jpg,(40.83 KB, 下载次数: 0),下载附件,2014-8-22 14:59 上传",2014-8-22 14:59,阿里斌斌/ka,
,,,我京东买过一个南太平洋，结果一看是1080i的，不过效果也很美了,2014-8-24 15:23,byyyc,
想买个65x9500b，不过淘宝的个人卖家和国美的价格差了好几千，靠谱吗,"在淘宝上其他的东西都买过，就是没有买过这么大件的，不过淘宝上的价格还是挺心动的，这种差价合不合理呀，有什么要注意的吗？,多谢了！",,,2014-7-7 23:11,saraphines,https://www.jdbbs.com/thread-5093525-1-1.html
,,,北京人人品不行～,2012-1-20 15:42,yang1983626,
,,,"同样观察很久了。北京的。也想下手。,估计京东也会跟进降价。",2012-1-23 17:11,tvbear,
,,,这道理不明白，都被X东买走了。[s:14],2012-1-23 19:27,快乐一家人,
,,,淘宝销量考前的都是自己很多不良商家炒作的，一定要看好商家的信誉评价，目前淘宝销量已经被那几家奸商控制了。,2014-7-8 08:30,白云飘飘2010,
,,,"本帖最后由 chncwk 于 2014-7-8 08:36 编辑,最好找天猫店，押金10万的那种。,找淘宝C店的话需要有时间和耐心细细甄别，先审核资料，然后看评论，交易数量，口碑等一系列数据。,最重要的一条，不能找最便宜的买，尤其是明显低于市场均价的，猫腻非常之大，除非有充足的理由，否则远离这种货。",2014-7-8 08:34,chncwk,
,,,这东西最好在本地买，看看taobao上有没有本地店铺吧。起码有了问题好找。,2014-7-8 08:37,白CIVIC,
,,,国美网上那个套餐价格确实吸引人，我也想出手，但是没货{:soso_e118:},2012-1-23 23:11,happyzw,
,,北京人人品不行～,大过年的，朋友们都在相互祝福，居然还是有人愿意找骂！！！！,2012-1-23 23:27,lovieden,
,,,真的不知国美怎么想的，这么大个北京市场春节前居然不备货，也不调货，反到是很多二三线城市都有现货，比较让人搓火。,2012-1-24 00:12,想弄明白,
,,这东西最好在本地买，看看taobao上有没有本地店铺吧。起码有了问题好找。,思域哥说的对。,2014-7-8 09:04,斯哥诺,
,,,便宜的都是北京的，而问题就出在北京这几个商家，我之前差点在淘宝买，最后担心还是在国美买了。,2014-7-8 09:33,AyaneC3,
,,,便宜的都是北京的，而问题就出在北京这几个商家，我之前差点在淘宝买，最后担心还是在国美买了。,2014-7-8 09:33,AyaneC3,
,,,其他地方备货没卖出去，网上一起销售呗。,2012-1-24 00:31,kaphyr,
,,,12楼的朋友是不是买贵了，心里不平衡呀？应该没啥区别吧？！,2012-1-24 10:52,想弄明白,
,,便宜的都是北京的，而问题就出在北京这几个商家，我之前差点在淘宝买，最后担心还是在国美买了。,"本帖最后由 白云飘飘2010 于 2014-7-8 09:53 编辑,其实那几家店铺都是一个商家开的，淘宝的三星，夏普，索尼销量都被控制了。",2014-7-8 09:48,白云飘飘2010,
,,,电视机这东西还是不要光图便宜,2014-7-8 09:54,mickeycccc,
,,,坛子里有人在国美团购21000不到就买到了，真心羡慕,2014-7-8 09:58,troopersky,
,,,"讨厌wuwejia这个人 在多个帖子里大放厥词,论坛有没有单独屏蔽某个人的设置？,31C是国美包销 国美本来就有价格优势,但在北京地区促销力度太小",2012-1-25 19:03,tvbear,
,,"讨厌wuwejia这个人 在多个帖子里大放厥词,论坛有没有单独屏蔽某个人的设置？","本帖最后由 迎风狗 于 2012-1-25 19:10 编辑,北京年前st 系列国美的价格最低，31C国美实体店都没货。,北京实体店总体来讲，等离子电视，大中比国美稍贵，苏宁最贵之。",2012-1-25 19:07,迎风狗,
,,,靠谱,2014-7-8 10:37,日本帝国军,
,,靠谱,"本帖最后由 饭团鱼85 于 2014-7-8 11:04 编辑,TB卖电视的吧？",2014-7-8 10:53,饭团鱼85,
国美网上商城是国美的渠道吗？怎么上面的套餐价格比单买电视还要便宜？,"http://www.gome.com.cn/product/1000035916.html,国美网上商城是国美的渠道吗？怎么上面的套餐价格比单买电视还要便宜。,套餐:55vt31+配件12888， 而单买要14000多,这个可信吗？,求大侠指点，如果可靠，我打算下单啦！,谢谢",,,2012-1-8 17:44,koalal,https://www.jdbbs.com/thread-3508244-1-1.html
,,,不推荐淘宝出了问题找谁去？,2014-7-8 12:00,hql,
,,TB卖电视的吧？,sb一个,2014-7-8 12:50,日本帝国军,
,,,啥时候能再到20444？？,2014-7-8 13:49,dwzm,
,,,没人注意这个问题吗？[s:16],2012-1-8 19:34,koalal,
,,,国美网上商城大家电基本都是本地国美配送,2012-1-8 21:16,北方睡神,
这次国美的速度很给力啊,"早上10点下单付款46GT31,10点10分打电话来确认地址，问何时可以送货，我说今天可以不嘛，国美说没问题,刚收到消息 已经出库 正在派送,很给力嘛,顺便网上淘了2副眼镜。。。。3D时代我来啦！！！",,,2011-12-29 11:50,sunangel,https://www.jdbbs.com/thread-3498089-1-1.html
,,不推荐淘宝出了问题找谁去？,"我电视淘宝买的，好的很！    本地买，他敢拿盒子里全部都是水泥灰尘的机器给你！还说是全新！ 退货还要看脸色！    淘宝买东西和地面买，更有优势！ 当然不能绝对！,来自:家电论坛Android客户端,湖北省武汉市江汉区万年街109号",2014-7-8 13:53,kuzi0915,
,,,恭喜楼主，我也买了这台！淘的眼睛哪里买的，好的话，我也试试！,2011-12-29 11:57,devildan,
追求完美的我 目标锁定在55VT31上了,"55寸不是我喜欢的尺寸  但是 GT30国内取消了THX  感觉不爽,说实话  作为今年大陆画质最佳的机型  55VT31价格真不错",,,2011-12-24 15:54,栗子大梨子,https://www.jdbbs.com/thread-3491616-1-1.html
,,啥时候能再到20444？？,估计明年下市之前才可以。或者今年双11,2014-7-8 13:59,AyaneC3,
,,sb一个,到底谁SB？看你网名就知道不是好东西！大汉奸一个,2014-7-8 14:42,饭团鱼85,
,,,买吧 现在入手挺合适的,2011-12-24 15:56,wixily,
,,,明智的选择,2011-12-24 16:00,老烧迷,
,,,努力吧！等你好消息,2011-12-24 19:30,maquay,
,,估计明年下市之前才可以。或者今年双11,也在关注，不知道十一和双十一和明年元旦哪个更低，不想等下市再买了，担心尾货的质量,2014-7-8 14:57,crystal168,
国美的55w950b团购7999元,"国美在线的55w950b团购7999元，可以下手了。,比淘宝靠谱。,1万以下的选这个机器比听站内几个卖电视的大神扯淡推荐型号来的靠谱。",,,2014-7-4 17:10,ddoddo,https://www.jdbbs.com/thread-5091805-1-1.html
,,,等哪位发烧友更新设备转卖二手货的时候，他就会出手的[s:97],2011-12-24 19:46,vob,
美的空调官网称，国庆期间美的空调大放价,"作,者,被,禁,止,或,删,除, ,内,容,自,动,屏,蔽",,,2011-10-3 19:23,lingzuoan520,https://www.jdbbs.com/thread-3142586-1-1.html
,,,"貌似的确有这团购。。。我早上看还没有。。。,不过这么跌的话我觉得第二批货要来了，可能会更低,国美的价格一路走跌，从一个月前的9000，到上个星期的8400，到前两天的8300，到今天的8000， orz",2014-7-4 17:19,rylc,
,,"貌似的确有这团购。。。我早上看还没有。。。,不过这么跌的话我觉得第二批货要来了，可能会更低,国美的价 ...","电视机就是赶时候。,我的55w950b就是国美在线买的，,五一的时候7699元买的，第二天早上就涨上去了。,退掉了苏宁8999元还没送货的55w950a。,不建议总是等，,为了几百元等来等去的辛苦。",2014-7-5 15:02,ddoddo,
空调将何止是室内温度美的空调1.5p报价的调剂器,"作,者,被,禁,止,或,删,除, ,内,容,自,动,屏,蔽",,,2011-9-27 11:28,lingzuoan520,https://www.jdbbs.com/thread-3101777-1-1.html
,,"电视机就是赶时候。,我的55w950b就是国美在线买的，,五一的时候7699元买的，第二天早上就涨上去了。",我现在并不急，买了也没法看，所以等等咯，有便宜的就买了，没便宜了就暂时不买,2014-7-5 19:52,rylc,
,,,国美在线购买和本地国美实体店购买，售后服务一样吗？,2014-7-5 19:56,红色狂想,
,,国美在线购买和本地国美实体店购买，售后服务一样吗？,在武汉，苏宁在线和苏宁实体店，国美在线和国美实体店，都是一样的，发货仓库都一样。,2014-7-5 22:01,ddoddo,
中山市小榄乙丁美的空调专卖店国庆盛惠 双重惊喜---贺美的荣获2009、2010及2011冷年空,"作,者,被,禁,止,或,删,除, ,内,容,自,动,屏,蔽",,,2011-9-27 11:27,lingzuoan520,https://www.jdbbs.com/thread-3101776-1-1.html
老拍欧美的，换换口味拍棒子，附带VT50冷中暖三种色调区别,"最近实在碟慌，翻出来之前买了没看的棒子电影 共犯,上图的顺序 都是冷 中 暖  图都为了抵消论坛压缩 加了一点蓝 减了一点绿,顺便看看哪个晶疯会来较真儿,目的已经达到，晶疯出现，果然拍点这种日韩低反差的片儿就能勾出晶疯来,_MG_8709 副本.jpg,(214.97 KB, 下载次数: 3),下载附件,2014-6-11 23:45 上传,_MG_8707 副本.jpg,(213.35 KB, 下载次数: 4),下载附件,2014-6-11 23:45 上传,_MG_8706 副本.jpg,(214.37 KB, 下载次数: 3),下载附件,2014-6-11 23:45 上传,_MG_8712 副本.jpg,(285.47 KB, 下载次数: 4),下载附件,2014-6-11 23:45 上传,_MG_8711 副本.jpg,(283.15 KB, 下载次数: 4),下载附件,2014-6-11 23:45 上传,_MG_8710 副本.jpg,(296.17 KB, 下载次数: 4),下载附件,2014-6-11 23:45 上传,_MG_8725 副本.jpg,(259.25 KB, 下载次数: 4),下载附件,2014-6-11 23:45 上传,_MG_8723 副本.jpg,(231.94 KB, 下载次数: 3),下载附件,2014-6-11 23:45 上传,_MG_8720 副本.jpg,(263.1 KB, 下载次数: 4),下载附件,2014-6-11 23:45 上传,_MG_8702 副本.jpg,(294.3 KB, 下载次数: 3),下载附件,2014-6-11 23:45 上传,_MG_8701 副本.jpg,(230.88 KB, 下载次数: 3),下载附件,2014-6-11 23:45 上传,_MG_8704 副本.jpg,(276.58 KB, 下载次数: 4),下载附件,2014-6-11 23:45 上传",,,2014-6-11 23:35,moto4ever,https://www.jdbbs.com/thread-5079152-1-1.html
空调机3分靠风致美的空调机维修代码,"作,者,被,禁,止,或,删,除, ,内,容,自,动,屏,蔽",,,2011-9-27 11:26,lingzuoan520,https://www.jdbbs.com/thread-3101774-1-1.html
,,,怎么看，怎么觉得怪异...跟我的VT20一样{:40:},2014-6-12 09:28,porsche911gt,
,,,楼主屏射简直就是在糟蹋vt50，给拜一个了，直逼国厂液晶的水准,2014-6-12 10:03,whindson,
,,楼主屏射简直就是在糟蹋vt50，给拜一个了，直逼国厂液晶的水准,"本帖最后由 moto4ever 于 2014-6-12 10:26 编辑,果然出现了，晶疯真是无孔不入,来自:家电论坛IOS客户端",2014-6-12 10:18,moto4ever,
美的空调凭借自身的渠道优势再上新台阶!,"作,者,被,禁,止,或,删,除, ,内,容,自,动,屏,蔽",,,2011-9-27 11:25,lingzuoan520,https://www.jdbbs.com/thread-3101772-1-1.html
,,,感觉中间色调比较好，是只调色温还是连场景模式都换了？,2014-6-12 10:24,chncwk,
,,怎么看，怎么觉得怪异...跟我的VT20一样,"本帖最后由 moto4ever 于 2014-6-12 10:27 编辑,日韩片子的调色风格就是这样，尤其是数字机拍的，数码感特强，我故意拍了几张这个勾晶疯出来大言不惭，果然就有上钩的",2014-6-12 10:25,moto4ever,
,,感觉中间色调比较好，是只调色温还是连场景模式都换了？,就是色温 模式都是我自调的游戏模式,2014-6-12 10:26,moto4ever,
美的空调质量：美的变频空调产量首破千万,"作,者,被,禁,止,或,删,除, ,内,容,自,动,屏,蔽",,,2011-9-27 11:24,lingzuoan520,https://www.jdbbs.com/thread-3101767-1-1.html
,,日韩片子的调色风格就是这样，尤其是数字机拍的，数码感特强，我故意拍了几张这个勾晶疯出来大言不惭，果 ...,"哟。楼主大导演果然牛啊。,原来这片子是楼主导演和后期的啊,拜一个",2014-6-12 10:30,whindson,
,,"哟。楼主大导演果然牛啊。,原来这片子是楼主导演和后期的啊,拜一个",柯基，你该吃药了，老这么发情影响邻居,2014-6-12 10:32,moto4ever,
大家都买着国美的东西了么？,"发现列表页面上少了不少东西，但具体商品页还在。看了看46GT20还可以购买，可惜限地区。其他的页面链接不记得了，也就没看成。,最后买了个SONY 32CX520，这个价格还算比较值，付完款发现也抢光了。",,,2011-9-15 20:49,alljtcc,https://www.jdbbs.com/thread-3034418-1-1.html
,,,"楼主请继续上图。,大伙继续看vt50的垃圾屏射",2014-6-12 10:32,whindson,
,,"楼主请继续上图。,大伙继续看vt50的垃圾屏射",柯基，你既然这么了解垃圾，看来是吃了不少啊,2014-6-12 10:33,moto4ever,
,,"楼主请继续上图。,大伙继续看vt50的垃圾屏射","本帖最后由 moto4ever 于 2014-6-12 11:08 编辑,怂柯基，你当时大言不惭的屏射去哪儿了，我把截图都给你了也不见你硬一把，是不是早早被你主人阉了啊,等着看你的牛逼性价比 神州无敌本呢,怂.jpg,(56.87 KB, 下载次数: 0),下载附件,2014-6-12 10:37 上传",2014-6-12 10:38,moto4ever,
,,,NND，冲着P50VT20C去，却只对北京地区，气死了。,2011-9-15 20:51,faisnow,
,,,我是北京的，但感觉50VT非常不值，加点钱上新款55ST多好,2011-9-15 21:01,alljtcc,
,,,ST跟VT差距还是有点的。,2011-9-15 21:16,wqr,
,,"怂柯基，你当时大言不惭的屏射去哪儿了，我把截图都给你了也不见你硬一把，是不是早早被你主人阉了啊,等 ...","{:40:},导演您老慢慢疯,请继续上您老垃圾屏射",2014-6-12 10:49,whindson,
,,"导演您老慢慢疯,请继续上您老垃圾屏射",狗 怂 狗怂，果然是形容你,2014-6-12 10:55,moto4ever,
据说现在激光投影已经开始实验。欧美的领先。日系索尼等公司还死抱灯泡投影不放。,"据说下一代的投影是激光，投影，,已经开始民用化的实验啦，,欧美在这方面技术领先，,日系，索尼，松下，还是死抱着，灯泡式投影机不放。",,,2014-6-3 22:37,蓝翎,https://www.jdbbs.com/thread-5074539-1-1.html
,,ST跟VT差距还是有点的。,看了个帖子说50VT比65VT缩水很多，不是真正的VT。再加上又是旧款，将近9000的价格不太值。毕竟看3D屏幕大才是王道。,2011-9-15 21:30,alljtcc,
,,,[s:16]靠，深圳这次没货，结果买了个逻辑键盘。。,2011-9-15 23:20,gongcom,
,,,"42GT20, 46GT20和50S25早在下午4点多就撤单了, 搞不懂你从哪里看的?,说买到上面的不是内部搞的 就是托....",2011-9-15 23:34,q2wsxc,
,,,不然灯泡卖给谁。,2014-6-3 23:55,悠游一族,
,,不然灯泡卖给谁。,有道理。,2014-6-4 00:05,蓝翎,
,,,"没记错卡西欧几年前,已经正式生产销售激光+LED无灯泡投影了,几年下来不还依然是灯泡机的天下,新光源不但在成本方面很难跟成熟到透了的灯泡机比,效果如何还是要有很大疑问的,灯泡机主流的状态看来还要维持很多年",2014-6-4 00:16,c52110,
,,,据说这个活动每日更新，明天再看看,2011-9-15 23:42,alljtcc,
,,,不错，抢到了1888的松下电视，哈哈,2011-9-16 00:08,xttch,
,,,那个极米怎么样LED的,2014-6-4 02:08,dreampjk,
,,,没毛用，激光电视出来也没有crt好，这是坛子的绝对发展趋势,2014-6-4 06:55,the_godfather,
,,,色域不宽，偏色严重，单色激光和单色LED的共同缺点。,2014-6-4 08:13,chncwk,
,,,没抢到、、、、猜疑中、,2011-9-16 12:47,wangweicetv,
,,,真搞笑,2011-9-16 14:17,多一天,
,,,国美的虚假广告很牛。。。。,2011-9-16 18:01,szdyz,
,,,楼主又来黑了，索尼07年就有卖了，价格太高,2014-6-4 09:45,dinosaur06,
,,,说说从那得来信息。,2014-6-4 10:53,sbhhh,
,,,说说从那得来信息。,2014-6-4 10:54,sbhhh,
X美的抢购，谁抢了异地的，你们怎么收货？,怎么收货了，没有熟人怎么操作啊。。,,,2011-9-16 10:26,netcsj,https://www.jdbbs.com/thread-3037676-1-1.html
偶然看见老美的“Hollywood.com”上发布的好莱坞电影后期调色使用的显示器，有PDP,"偶然看到一个关于好莱坞商业电影目前调色时主要使用的显示器（监视器）。 看起来使用的各类监视器还是比较广泛，也有使用PDP的。 骚尼的OLED是最被广泛使用的电影后期调色监视器。  另外虽然CRT已经停产多年，但目前依然有2% 的好莱坞商业电影使用CRT进行调色。,另外印象中，Panasonic好像并没有推出过能进行调色用途的PDP监视器，所以不知道这个 14%的 PDP调色监视器是什么产品（不会是PDP电视机吧）。,display.jpg,(95.97 KB, 下载次数: 3),下载附件,2014-5-17 21:36 上传",,,2014-5-17 21:36,PLV-Z5,https://www.jdbbs.com/thread-5065195-1-1.html
谁买到了国美的4988元的46GT20?,"谁买到了国美的4988元的46GT20?,估计又是噱头！",,,2011-9-15 09:36,dongdonghu2,https://www.jdbbs.com/thread-3033306-1-1.html
,,,fsi是中国厂商吗？,2014-5-17 22:22,sxshen119,
,,,这个在哪里看到的→_→楼主有连接吗？,2014-5-17 22:44,闪电侠3s,
,,fsi是中国厂商吗？,"是啊，FSI 是国内的“尊正”。 在调色监视器领域，已经被好莱坞充分认可。 竟然能和监视器领域称霸多年的骚尼在电影后期调色领域旗鼓相当！值得庆贺。,尊正.jpg,(218.75 KB, 下载次数: 3),下载附件,2014-5-17 23:26 上传,FSI-2.jpg,(249.13 KB, 下载次数: 3),下载附件,2014-5-17 23:26 上传",2014-5-17 23:26,PLV-Z5,
,,,还没开始吧。。。。,2011-9-15 09:39,wowfans,
,,,很多城市早就没货了，估计是清尾货。即使有也不敢买。,2011-9-15 09:43,alljtcc,
,,,傻的就去抢，小市民心理，抢到的机会千份之一。还不如加多一千几百买个回来。,2011-9-15 10:20,jun009,
,,,市场占有率永远和成本有关,2014-5-18 00:33,melfes,
,,,"本帖最后由 zjxs 于 2014-5-18 09:00 编辑,关于美国那边电影的调色市场应该要客观的分析。,电影的调色和电视台采购监视器不同，电视台在各国家中都是相对财大气粗，规模庞大的。它们对成本价格相对不太敏感，更注重品牌和产品一贯持续的可靠与稳定性，及庞大的遍及全球的服务网络体系的完善程度，还要考虑产品体系的成系统性。,做电影调色的都是一些私人投资的私有工作室，尤其是美国，所有的电影调色都是单独包给一些私有的工作室团队去做。 这些工作室的规模和电视台当然是云壤之别，他们相对对成本就比较敏感，都是相对小规模的私人老板的真金白银的投资当然价优者为先。,FSI 在美国是超低定价（其它的都是次要的）， 比如其：24寸的技监：CM240，定价：$4,995美元； 同规格的SONY BVM-L231（现在已经停产，被OLED替代）还在生产的时候定价是：$23,000美元。价格差6倍！实际上价格是FSI能相对好的打入美国后期调色市场的根本原因。,你见过大的电视台（对价格不敏感）大批量采购监视器，有采购“尊正”的吗？ 一个民族的国产品牌，为什么在国内CCAV、上海文广、北京台、广东台等这些大电视台的采购方案中几乎从来见不到它的身影呢？！（甚至在广播电视领域，很多人都没听说过FSI（尊正））！",2014-5-18 08:58,zjxs,
x9000b真可以拆机升级成完美的hdmi2.0?,用个伪hdmi2.0不爽,,,2014-4-27 21:12,daitang250,https://www.jdbbs.com/thread-5052122-1-1.html
,,,我这里从来就没货，我这里国美实体店里面有，网上就是无货,2011-9-15 10:29,jwj009,
,,,拭目以待20点[s:97],2011-9-15 16:09,sldpda,
,,,买的时候是怎么承诺的？,2014-4-27 21:13,chncwk,
,,买的时候是怎么承诺的？,还没买了.............今年11月份才搬家............,2014-4-27 21:22,daitang250,
,,,不是有人说地区限制北京重庆香港乌鲁木齐么，我在乌鲁木齐，看上面地区限制郑州吉林，这搞毛啊,2011-9-15 18:16,暴躁外皮,
,,,刚刚也看到地区限制郑州吉林。艹！,2011-9-15 18:19,guihuo,
,,还没买了.............今年11月份才搬家............,那你操这个心干嘛，又不买。,2014-4-27 21:26,chncwk,
,,,………x9kb没有hdmi2.0入力???,2014-4-28 00:11,青物白物,
厦华等离子有能和长虹媲美的产品吗？,"记得厦华纯平机是有个F8,F1系列是超越长虹之上的。",,,2011-8-9 13:49,rigid,https://www.jdbbs.com/thread-2967592-1-1.html
,,,"X9000B也是伪HDMI2.0端口支持，电路处理还是老的~~,真正需要HDMI2.0需要电路处理及硬件都符合~~",2014-4-28 00:14,godforce,
,,,千万不要相信商家的所谓日后升级，都是屁话,2014-4-28 02:08,AyaneC3,
,,,升了也没用，以后4k3d片一出又要升2.1，2.2，有意思啊？？,2014-4-28 07:25,蛋碎了无痕,
sed是目前最完美的吧好像,"作,者,被,禁,止,或,删,除, ,内,容,自,动,屏,蔽",,,2011-8-3 13:52,wei0752,https://www.jdbbs.com/thread-2952488-1-1.html
发现客厅用乐视的50寸或者60寸电视，卧室用小米的47寸很完美的搭配啊。,"小米的电视很适合我们80后用，卖点很多，首先就是屏好，其次可玩性高。,而且我越来越觉得家人们还是需要在电视面前一起交流，现在我的状态就是回家电脑面前一坐一直到睡觉，感觉和老婆交流越来越少了。,所以最近比较关注电视机，准备在卧室弄个电视然后和老婆一起在床上看。,客厅也准备搞一个大点的，然后买一个芝华仕的头等舱沙发，那感觉，呵呵。,至于乐视传说的2999的50寸液晶，放客厅是个好选择。",,,2013-9-9 09:08,傲剑,https://www.jdbbs.com/thread-4914329-1-1.html
一块画得很美的蛋糕 3D电视你买了吗？,"就在两年之前，提起“3D”相信并不会有太多人关注。然而，2010年,3D电视,自CES亮相后在全世界范围内掀起热潮，能够把电影院中3D电影的震撼带回家也成为不少消费者的渴望。不过，一边是厂家铺天盖地的宣传，一边却是消费者的“只问不买”，3D电视如今依然是一块画得很美的蛋糕。,《阿凡达》的“生父”大导演詹姆斯·卡梅隆一直坚信3D必将成为潮流，他给出的理由很简单———“我们有两只眼睛，而非一只!”我们也相信，3D电视必将是大势所趋，只是目前尚未到最佳购买期。,谁在买3D电视?,发烧友和高端消费者,以《阿凡达》的热播为起点，惯于兴风作浪的中外电视厂商从去年初开始一下找到了最炫的噱头。2010年1月开始，三星、索尼率先推出3D电视。本土企业虽然没有面板资源，有的甚至没有量产能力，但也竞相抢风头。TCL、长虹、海信等争相发布3D电视方案和产品。去年的世界杯和广州亚运会都被彩电企业视为宣传3D电视的最佳时机。中怡康数据显示，2010年3月至6月，3D电视的型号尚不足10款，具体产品在市场上也未大规模上量。但12月第一周的最新统计发现，国内外厂商推出的3D电视型号超过30款。,跟企业的兴奋相比，2010年的3D电视市场并没有人们预料的火热。此前业界预期2010年3D电视全球销量可超过210万台，但根据美国消费性电子协会(CEA)所观察的市场趋势显示，实际销售量可能不到160万台。国内市场也大体相似。来自奥维咨询(AVC)的数据显示，截至2010年11月份，3D电视的销售量为6.67万台，远远低于已经慢慢被边缘化的LCD电视销售量，后者的同期销售量为1567万台。3D电视的销售主要来自于中秋、国庆两节的贡献，9月份的环比销量增长为283%。粗略估计，去年全年国内3D电视销量不超过10万台。,谁又是第一批吃3D电视螃蟹的人?有卖场人士向记者透露，就目前来看，3D电视的主要消费群体分为两类，一类是3D发烧友，他们对3D内容情有独钟;一类则是新潮前卫、消费实力较强的高端消费者。3D电视主力购买人群为中青年客户，老年人往往不太在意3D功能，而3D功能主要配置在大尺寸的高端电视，相当部分年轻人虽很向往，但往往预算不够。“高端电视的主顾，五成以上还是希望一步到位，他们会考虑选择3D电视。”,技术之争,主动快门式VS偏光式,现在到卖场去选购,3D电视,，消费者不得不面对主动快门式和被动偏光式两种技术的战争。而这两种技术的战争就是利益、市场的博弈，就像去年直下式、侧入式等LED背光源技术之争一样，时下热炒的3D技术之争也如火如荼。据相关分析师表示，两大阵营的对决目前尚未真正展开，但能预见的是，随着在卖场里的短兵相接，两大阵营之间的大战肯定会上演!这个时间，最迟不会超过2011年“五一”。,目前3D电视主要的两家显示屏供应商是LG和三星，相对应的技术分别是被动偏光式和主动快门式。LG为了更快地做大被动偏光式3D电视的市场，采取打破上下游厂家之间简单的供应采购关系，由LGD向整机企业提供成套技术解决方案、整机模具、终端门店规划和宏观宣传等各方面资源，联手创维、海信、康佳等厂家共同来推动和做大这一市场。而在主动快门式3D阵营方面，有三星、松下、长虹、索尼、夏普等企业，它们主推的都是快门式3D电视，其具备3D效果逼真、视角范围宽泛等优势。坦白来说，两者对3D成像的优劣具体有多大差异，作为普通消费者来说是很难明显做出区分和判断的。,就目前来看，3D电视的主要消费群体分为两类，一类是3D内容爱好者，一类则是新潮前卫的高端消费者。前者由于比较专业，基本上不会选择视觉效果较差的偏光式3D电视，而后者多把3D作为一种新鲜的附加功能，他们可能将是偏光式3D电视的主要消费群体。,小知识,3D显示技术有哪些?,3D显示技术可以分为眼镜式和裸眼式两大类。裸眼3D目前主要用于公用商务场合，而现在3D戴女士都需要配合3D眼镜使用。在眼镜式3D技术中，又可以细分出三种主要的类型：色差式、偏光式和主动快门式。,色差式3D技术,优点：方案成本相当低廉，眼镜成本仅为几块钱,缺点：3D画面效果比较差这种技术历史最为悠久，成像原理简单。色差式需要配备最常见的红蓝3D眼镜，其眼镜价格低廉，3D效果中等，适合在公共场合中使用，目前已被家电企业淘汰。,偏光式3D技术,优点：眼镜成本便宜,缺点：画面分辨率减半偏光式3D技术的图像效果强于色差式，眼镜成本也比较便宜，目前比较多电影院采用的就是这种技术方案，不过对显示设备的亮度要求较高。,主动快门式3D技术,优点：3D立体效果较好,缺点：配套的3D眼镜价格比较昂贵,这种3D技术的原理是根据人眼对影像频率的捕捉敏感度来实现的，通过提高画面的刷新率(至少120Hz)，为左眼和右眼分别输出60Hz快速刷新的图像，这样会在人的大脑实现立体的视觉感受。,主动快门式和偏光式的对比,画面质量,偏光式,图像效果略差，画面亮度会被降低,主动快门式,图像效果相对出色，能保持原始分辨率,技术实现,偏光式,对显 示设 备的 亮 度要 求较 高。 要 求具 备240Hz 以上刷新率,主动快门式,要求左、右眼接收到频率在 60Hz 以上的图像,成本控制,偏光式,配套的3D 眼镜更为轻便;价格仅在 200元左左右,主动快门式,配套的 3D 眼镜价格较为昂贵，多在 1000 元左右，而且佩带不便,整体优势,偏光式,更注重便利实用，画面稳定性更好，不受环境光影响，舒适性好,主动快门式,更注重画质表现 3D 效果逼真、视角范围宽泛。屏幕成本较低,各自缺点,偏光式,视角较窄，当用户在超过三十度的水平视角上,主动快门式,同步难、容易疲劳,综合比较,在价格上，偏光式技术具有绝对的优势，画面稳定性好，而且眼镜佩戴舒适，适合一般家庭的选购;而在性能上，主动快门式技术比较出色,消费者说,买有买的理由，不买有不买的道理,买,3D电视,的理由,A视觉震撼，身临其境,B 放在客厅很拉风,C 可以 2D 转 3D,D 捆绑 3D 蓝光播放器,不买 3D 电视的道理,A没频道，没片源,B 各种技术还不成熟,C 价格太高,D 眼镜戴着麻烦,家住星河湾的王先生，去年11月购买了一台55英寸的3D电视。“看了3D电视就不想再看2D的了。那种视觉震撼虽然比不上在电影院看，不过身临其境的感觉是2D电视无法比拟的。”他告诉记者，在电影院看完3D《阿凡达》后，就下定决心要把3D电视买回家。“朋友到家里来，大家一起看3D电影，感觉很不错。”当然，王先生也抱怨3D影片太少，“目前市面上有的3D影片我都几乎有了，不过看来看去也就那10多部，很不过瘾。”,一位在家电卖场选购电视的陈先生告诉记者，3D电影的震撼效果让人念念不忘，家里电视总是得升级换代的，干脆买台3D效果的，现在可以看2D转成3D的节目，慢慢就能看更多3D节目了。,家住珠江广场的刘先生则反映，经过转换的3D效果明显不佳，有些画面很模糊、立体感不强。体育节目经转换后，虽可略微体验到立体感，但当出现景物或人物数量较多时，一片3D“乱像”。对此，某3D电视品牌技术人员告诉记者，2D转3D电视确实能将2D内容转换成3D效果，但前提是，其转换的内容必须是蓝光高清的。对于普通节目，实现的效果只能是“伪3D”。,记者注意到，在卖场中更多的消费者对3D电视的态度是“只问不买”。姜先生说，3D电视在片源上非常匮乏，因此只能当作普通电视来看，而且价格也比平板电视要高，因此目前不会考虑。符女士则告诉记者，现在的3D电视都需要戴眼镜，自己本身就是近视眼，再多戴一副眼镜非常不方便，同时看的时间长了，多少会有眩晕感。,根据中国电子商会消费电子产品调查办公室发布的《2010年3D电视消费需求调研咨询报告》，消费者无法接受3D电视的主要影响因素中，价格昂贵和节目源匮乏两大因素排在前两位，分别为37%和 28.1%。专家坦言：“3D电视实现了视觉立体成像，这是一个极大的技术进步，但3D电视短期内发展还是存在诸多瓶颈。”,片源匮乏,绕不过的门槛,创维集团副总裁杨东文此前接受采访曾说，硬件总是要领先于内容发展的。3D也一样，在3D电视如火如荼上市的时候，3D内容却成为产业快速发展的瓶颈。,据中国立体视像(3D)产业联盟秘书长唐斌统计，美国好莱坞3D立体电影，2009年有41部，2010年为68部，2011年已经公布拍摄的就有34 部。不过，2010年，真正进入中国的3D电影仅在10部左右。根据目前现有的公开信息，2011年3D电影数量也只是在个位数。,目前，配合3D电视的销售，各个企业通过各种办法，会给购机者提供一些3D片源，但是当购机者新鲜劲一过后，就会发现3D电视似乎是个时尚的鸡肋——恐怕任何人都不会重复一遍又一遍地观看同一部片子。这个时候，购买者会突然醒悟，逐渐的不满就会变成“负面口碑”，而准备购买的人，则因为此将采取等待观望的态度。,国内目前可买到的3D蓝光碟片,圣诞颂歌 3D [A Christmas Carol],深海猎奇 3D [Deep Sea],闪电狗 3D [Bolt],爱丽丝梦游仙境 3D [Alice in Wonderland],国际空间站 3D [Space Station],天降美食 3D [Cloudy with a Chance of Meatballs],丛林大反攻 3D [Open Season],诸神之战 3D [Clash of The Titans],怪兽屋 3D [Monster House],未来,裸眼3D成新趋势,目前的3D电视都需要佩戴3D眼镜才可以观看，而对于平时就戴眼镜的朋友来说非常不便，3D电视要想真正进入普通消费者家庭，必须突破眼镜的阻碍，实现裸眼3D效果，裸眼3D显示技术才是3D的真正未来。,目前索尼、三星、东芝等厂商都在研究裸眼3D技术，这项技术一般被称为“裸眼多视点”技术，也就是不通过任何工具就能让左右两只眼睛从显示屏幕上看到两幅具有视差的、有所区别的画面，将它们反射到大脑，人就会产生立体感。裸眼3D技术也利用了人眼的视差原理，通过给观看者左右两眼分别送去不同的画面，从而达到立体的视觉效果。由于可以不佩戴眼镜，因此这些技术非常适合在公共场所展示的大屏幕显示器，便于多人观赏。,从技术上来看，裸眼式3D可分为光屏障式 (Barrier)、柱状透镜(Lenticular Lens)技术和指向光源(Directional Backlight)三种。裸眼式3D技术最大的优势便是摆脱了眼镜的束缚，但是在分辨率、可视角度和可视距离等方面还存在很多不足。东芝表示已经成功研制全球首款无需专用眼镜、可裸眼观看的3DLCD电视，并在CES2011上率先发布。不过由于价格的制约裸眼,3D电视,要进入普通家庭用户还需要至少五年的时间。,一块画得很美的蛋糕 3D电视你买了吗？,普家欢电器网",,,2011-1-24 14:52,普家欢电器官网,https://www.jdbbs.com/thread-2499108-1-1.html
,,,哈哈 现在的5毛发帖越来越多字了。,2013-9-9 09:25,keanecui,
,,,我靠，有没有这么便宜啊！,2013-9-9 10:30,bandaoti007,
,,,小米刷新率60Hz。用的是顶级供应商的垃圾屏。,2013-9-9 11:04,myeveryheart,
,,,高消费产品,2011-1-24 14:53,Xy770509,
,,,3D是不可阻挡的潮流，今年两部大片《变形金钢3》、《加勒比海盗4》都是3D。,2011-1-24 16:15,dixonsung,
,,"原帖由,路上sing,于 2011-7-8 13:11 发表,不闪式和快门式只是传达影像的方式不同，两种方式都具有全高清分辨率。快门式是开关左侧和右侧眼镜而把横向分辨率1080Line轮换显示在左右眼镜，是一只眼睛接收影像，而不闪式是从电视出来的影像各分为540Line显示“同 ...","只要是3D的帖子准能迎来偏光枪，还总是用新号。要么就是自问自答类型的，一个新号发问，啥3D好啊。另个号就回答，不闪的好……真TMD弱智，你们得向这里的老枪们学习。,偏光的垂直分辨率是达不到1080的……除非是投影，双投。",2011-7-8 13:28,ioshenmue,
,,,放屁[s:97],2013-9-9 13:11,杨厉鬼,
,,,确实，这样就没有对比了，省得货比货了,2013-9-9 14:54,damingbai,
,,,"小米神机，宇宙无敌,可惜不是你想买,想买就能买！",2013-9-9 15:12,非没有,
,,,现在也不是很贵了，前段时间朋友买了个国产42寸才5k多，大多数人都能接受吧。,2011-7-8 15:02,lds,
,,,"哈哈~上个月在广州四方电器,http://80.tc/2me3,买一台索尼KDL-55HX920 3D电视 用到现在，我还是非常满意,货比三家不吃亏,看看总不亏哦。",2011-7-12 16:30,sshjdhjm,
,,,目前的3D电视个人感觉还只是个噱头很不成熟！！就算松下3D强机VT20也不尽如人意！我在卖场看了几分钟其2D画质还是相当好，其画质在卖场跟G20真的有点鹤立鸡群的感觉！但3D画质就有点差强人意了，说惨不忍睹可能有点夸张！但除了立体感不错就再无他处了！！如果让我选择阿凡达，我宁肯看画质更优的2D版本决不看现在的所谓3D !现在的3D效果刚开始图个新鲜还行，长期看让人无法忍受！！,2011-7-12 18:29,sdh168,
,,,卖点很多，首先就是屏好,2013-9-9 15:22,我自横刀,
,,小米刷新率60Hz。用的是顶级供应商的垃圾屏。,哪看的60HZ啊,2013-9-9 15:23,yyuy121,
,,卖点很多，首先就是屏好,有线盒子是亮点,2013-9-9 15:24,yyuy121,
首个进入国美的小狗吸尘器退出传统市场后连续三年成为淘宝吸尘器类目销售冠军,"作,者,被,禁,止,或,删,除, ,内,容,自,动,屏,蔽",,,2011-6-21 14:14,小狗吸尘顶呱呱,https://www.jdbbs.com/thread-2732658-1-1.html
,,哈哈 现在的5毛发帖越来越多字了。,我射你一脸，不知道谁能给我5毛,2013-9-9 17:34,傲剑,
,,我射你一脸，不知道谁能给我5毛,雷军啊 因为你说他这么好 证明你看过他真实机器啦。他动态效果如何 色彩呢 ？层次呢？暗部画质呢？可以发他测评吗？没图没真相啊。就看他价格就乱吹了？那我不如买部理想电视,2013-9-9 20:50,keanecui,
,,雷军啊 因为你说他这么好 证明你看过他真实机器啦。他动态效果如何 色彩呢 ？层次呢？暗部画质呢？可以发 ...,"吹什么吹，雷军一向都是饥饿营销，谁能拿到机器？,只是看参数而言，而且对于一个新产品讨论很正常，为什么一说小米就变成五毛了？",2013-9-9 21:20,傲剑,
夏普60LX920A桂林乐群路国美的样机液晶屏左上角和尤上角可以往里面按进去！,"而我试了旁边的型号是,夏普60LX531A的样机液晶屏的四个角都很紧很牢固！,是夏普60LX920A的质量不行吗？,[,]",,,2011-6-16 21:24,下乡,https://www.jdbbs.com/thread-2722132-1-1.html
,,"吹什么吹，雷军一向都是饥饿营销，谁能拿到机器？,只是看参数而言，而且对于一个新产品讨论很正常，为 ...",这年头，傻子太多了，骗子都不够用了。,2013-9-9 21:25,keanecui,
,,,这个蛋糕大家都来抢，，未必不是件对老百姓的好事~,2013-9-10 01:21,cokekele2013,
,,这年头，傻子太多了，骗子都不够用了。,傻子多不多不知道 ，野生的喷子到是一个现成的,2013-9-10 08:10,傲剑,
,,,我是今天晚上刚去看回来的,2011-6-16 21:24,下乡,
,,,"夏普全屬垃圾,請參見我的帖子",2011-6-16 21:50,LS,
,,,"是液晶屏可以往里面按进去！夏普其他的型号样机都很牢固,LS兄，你的帖子已看，但夏普60X50A应该不会偏蓝了吧？你觉松下65S20的等离子白天不拉窗帘看屏幕反光严重吗？能接受吗？,还有就是不知道潜龙兄推荐的到底他是说夏普的60X50A画质和抗拖影好？还是索尼55HX920画质和抗拖影好啊？,麻烦潜龙兄出来说下",2011-6-16 22:10,下乡,
重庆创维电视工厂直销杨家坪店、美的风管机团购直销,"作,者,被,禁,止,或,删,除, ,内,容,自,动,屏,蔽",,,2014-4-1 23:21,wangjin5431,https://www.jdbbs.com/thread-5032430-1-1.html
,,,反光可以用窗帘，动态模糊和漏光可是啥也救不了的。,2011-6-16 22:13,btwb007,
,,,就是好i觉得关窗帘看不爽啊，我总觉得液晶的亮度比较看起舒服，等离子的亮度低了,2011-6-16 22:16,下乡,
,,,呵呵 大屏幕看液晶太惨不忍睹 还是等离子好 这个话题已经争了好几年了 有结论——看影视作品用等离子，看照片用液晶。,2011-6-16 22:19,bennylookli,
优惠来袭  美的冰箱三月活动巨献,"而如果在此时，正好有谁想到：是不是该给家里伟大妇女们送上一套最精良的家用电器时，可就大幸啦，因为在继春节“让红包飞“等大型促销活动后，美的冰箱再出奇招，盛大开启了”冰箱去哪儿了？“活动，最高端产品可以免费搬回家，再也不用跑来跑去货比三家大费脑筋啦。,3月1日-31日，美的冰箱寻找最美老客户，举办了网络活动——“冰箱都去哪了？”，大家可以在这里晒出自己家的老冰箱。凡是在帮派晒单的顾客，均可以赠清洁大礼包一份！并且，针对冰箱不同年限的老客户，可获得不定额冰箱换购基金。面对这个美的公司特别推出的“一诺十年 礼遇新机”活动，心动不如行动，你极有可能就是1000元冰箱换购基金的获得者！相信拿这样的奖品来送给至爱的亲人，肯定是最好的礼物。,美的，相信大家已经是非常熟悉了。冰箱、空调等等，都是产品优质、服务完善，从而才使得消费者青睐有加，这也是一个值得信赖的品牌，如此才得以在家电行业占据半壁江山。美的冰箱的负责人表示，也正是因为有客户的厚爱和支持，才有美的的今天，于情于理，都应该给予客户一个满意的回馈，所以在三月推出了“寻找最美老客户”活动。并且，在未来的发展道路上，公司还会不断创新和努力，力争为消费者带来最好的家电产品。",,,2014-3-14 14:24,两横一竖,https://www.jdbbs.com/thread-5021541-1-1.html
,,,"液晶太惨不忍睹,请问怎么个惨不忍睹法啊？麻烦具体说说",2011-6-16 22:26,下乡,
,,,要买就买LV925A,2011-6-16 23:16,dan288,
美的电磁炉专用2220高压贴片电容,"作,者,被,禁,止,或,删,除, ,内,容,自,动,屏,蔽",,,2014-3-13 21:59,福鼎市,https://www.jdbbs.com/thread-5021245-1-1.html
,,"原帖由,dan288,于 2011-6-16 23:16 发表,要买就买LV925A","lv925和x50我都用过，色彩准确度上x50比lv925的确要好，画质通透。,至于拖尾，只要是液晶都避免不了，这次x50的面板技术在拖尾上比以前好很多了。,至于漏光，x50控制的相当好。",2011-6-17 13:23,lunasea216,
,,,我买了60e77a，老型号，关键是价格比较好，楼上几位一说，大屏幕的液晶很不好么？父母有线数字电视看得最多了,2011-6-17 13:28,miemior,
,,"原帖由,miemior,于 2011-6-17 13:28 发表,我买了60e77a，老型号，关键是价格比较好，楼上几位一说，大屏幕的液晶很不好么？父母有线数字电视看得最多了",从性价比来看，只是看有线数字电视，60的大尺寸，低价格，支持全高清，这款可以了。,2011-6-17 13:33,lunasea216,
CES2014长虹OLED点睛之作，画质美的令人窒息，KURO、Trinitron 可以彻底瞑目了,"目前AMOLED模组只有SAMSUNG和LG可以量产，内部如果从技术角度考虑，SAMSUNG是首选、市场的角度LG是首选。,长虹,SAll TV OETV55S7,这个型号样机，不好说是哪家模组，和SAMSUNG和LG画质都不一样，反光极小，黑位超赞，特别是色彩长虹的强项。,液晶是不能和她放一起比，差异巨大。,长虹OLED电视无与伦比的画质表现、轻薄的设计、后盖大面VCM拉丝板、下部塑料高亮黑、非对称差异化形态、全金属包边、机械按键、侧置扬声器等差异化特性成为展厅亮点，从时尚的外观设计，简单便捷的操作体验，到超乎想象的智能应用，让用户体会到智能科技为生活带来的轻松、便利和乐趣。,4X41C9J9O2E6.jpg,(135.38 KB, 下载次数: 11),下载附件,2014-1-8 20:26 上传,275678.jpg,(171.15 KB, 下载次数: 6),下载附件,2014-1-8 20:26 上传,275679.jpg,(124.77 KB, 下载次数: 6),下载附件,2014-1-8 20:26 上传,275681.jpg,(135.36 KB, 下载次数: 6),下载附件,2014-1-8 20:26 上传,275682.jpg,(94.15 KB, 下载次数: 6),下载附件,2014-1-8 20:26 上传,275684.jpg,(143.05 KB, 下载次数: 6),下载附件,2014-1-8 20:26 上传,ceFV0mfWzUm1M.jpg,(294.82 KB, 下载次数: 6),下载附件,2014-1-8 20:26 上传,54251_904035_390883.jpg,(185.85 KB, 下载次数: 4),下载附件,2014-1-10 16:46 上传,54251_904038_208086.jpg,(66.58 KB, 下载次数: 3),下载附件,2014-1-10 16:46 上传,54251_904041_616857.jpg,(191.89 KB, 下载次数: 4),下载附件,2014-1-10 16:46 上传,20140108010015990.jpg,(103.23 KB, 下载次数: 4),下载附件,2014-1-10 16:46 上传",,,2014-1-8 20:35,C生活,https://www.jdbbs.com/thread-4990505-1-1.html
,,,这软屏不是一般的软啊！！,2011-6-17 13:37,alljtcc,
,,"原帖由,lunasea216,于 2011-6-17 13:33 发表,从性价比来看，只是看有线数字电视，60的大尺寸，低价格，支持全高清，这款可以了。",过几天才到，到时候看看效果~,2011-6-17 22:14,miemior,
真正完美的机型离我们有多远,"总想把一台完美的机型揽入囊中，但总是希望伴随着失望，我们甚至于发现，某些旗舰机型的短板较之于普通机型更有过之而无不及，而在优势上尚且还不能完胜。在被各种所谓新技术、新概念一阵狂轰乱炸之后，随着烟雾渐渐散去，我们看到50赫兹同样可以有流畅无比的影像，没有某些顶级机遭人诟病的拖影------,我们所面对的是商家，如何使利益最大化是他们的追逐目标，，当然，没有一星半点的技术进步也是难以安身立命的，商家要做的就是把握好两者的最佳契合点，基于此，商家出来的产品注定小于消费者的期望值，于是我们就在这种混沌不堪中纠结、消磨、意淫，在这场PK中，商家永远从容不迫、循序渐进，把持着话语权。你想追求完美吗，那到头来注定你会被抓狂的！",,,2011-5-22 11:54,mimiba,https://www.jdbbs.com/thread-2676956-1-1.html
,,,中国式的宣传,2014-1-8 20:39,GGGYGYGY,
,,,"“长虹SAll TV OETV55S7这个型号样机，不好说是哪家模组”,[s:97]这句是亮点啊",2014-1-8 20:40,xiaoshen,
,,你不说大家也知道是LG,SAMSUNG也提供55OLED模组，长虹高端模组用的最多的是SAMSUNG，75、85 4K的都是SAMSUNG，关键不是用谁的模组，世界就两家，画质上与SAMSUNG、LG都不一样。,2014-1-8 20:45,C生活,
,,,十全十美是不可能有的，如果有，设计者与制造者会折阳寿。仔细想想，难道真是无稽之谈吗？难道完全是无稽之谈吗？,2011-5-22 12:01,真知不易,
,,,完美的标准不一样，只是我们等待的完美这一刻还未来临而已。。。,2011-5-22 12:03,hawie,
,,,此起彼伏 永无止境   河滩完美 哈哈   人生短短 几个秋   人到40 也白头,2011-5-22 12:20,zhaoqingbo,
,,,长虹确实是血红啊，只有最后一张还算出彩,2014-1-8 20:47,athlon2100,
,,,"老C这话说得太早了。,90年代索尼，早期的先锋都是无可超越的，我们慢慢看，会越来越明显。",2014-1-8 21:00,GGGYGYGY,
,,,既不是标题党，也非什么“枪”，就是喜欢鼓捣些被LP称之为“废铜烂铁”的货色，一不小心误打误撞上了论坛，空时闲呆一会儿，扳扯一番，有些确是有感而发，言下的“完美”只是一种概念，非绝对完美，而是相对均衡，都有胜出，这似乎并非不可能完成的任务，就实力而言，夏普可能做不到，难道索尼做不到吗。看看，还是在抬举索尼。,2011-5-22 12:46,mimiba,
,,,"天朝人对于完美的标准就是：效果要好！质量要好！外观要好！最重要的，在做到前面这几点的同时，价格还一定要低！！！！！呵呵！,[,本帖最后由 日系电器 于 2011-5-22 13:55 编辑,]",2011-5-22 12:59,日系电器,
,,,所以完美的机型离天朝人是越来越近了。呵呵！,2011-5-22 13:01,日系电器,
,,,可视角度低的吓死人啊,2014-1-8 21:08,szf229,
,,,"郫县豆瓣炒大虾.......{:soso_e144:}{:soso_e129:},202646qssc2nf4chihlqic (1).jpg,(135.07 KB, 下载次数: 4),下载附件,2014-1-8 22:57 上传",2014-1-8 22:58,毛毛的爸爸,
,,,今年国产又不止长虹一家展示OLED，至少3家,2014-1-8 23:05,AyaneC3,
,,,能接受就是好的.真正完美的机型要有完美的钱可买,2011-5-22 13:22,e666,
,,,其实，我们都愿意完美，无论机型，还是其他，人就是为了完美的可预期性而活的------,2011-5-22 13:40,mimiba,
,,,"完美的机型其实就是可以呈现和你眼睛看到的一模一样的真实世界的画质（３Ｄ）。,[,本帖最后由 Swinger_bj 于 2011-5-22 13:47 编辑,]",2011-5-22 13:44,Swinger_bj,
,,,今年国产又不止长虹一家展示OLED，至少3家,2014-1-8 23:06,AyaneC3,
,,,"本帖最后由 C生活 于 2014-1-10 16:43 编辑,1楼新增大图数张。,20140108010015990.jpg,(103.23 KB, 下载次数: 3),下载附件,2014-1-10 16:40 上传,54251_904041_616857.jpg,(191.89 KB, 下载次数: 3),下载附件,2014-1-10 16:40 上传,54251_904038_208086.jpg,(66.58 KB, 下载次数: 3),下载附件,2014-1-10 16:40 上传,54251_904035_390883.jpg,(185.85 KB, 下载次数: 3),下载附件,2014-1-10 16:40 上传",2014-1-10 16:38,C生活,
,,,"每个人对完美的理解都不同,思想有多远,完美就有多远.",2011-5-22 13:50,wtoto,
,,,"根本不会有完美的机型,人的追求一直不停的在变,人的欲望没停止就不会有让人完美的东西,再退一步说了,机器做的完美了,那些JS们赚什么,所以他们是不会让东西完美的",2011-5-22 13:52,云淡风清我悠闲,
,,,价格离你有多远，完美的机型就离你多远。,2011-5-22 15:09,我心微红,
,,,LED真的做不出有立体感的画面吗？看上去不过是液晶升级版而已。,2014-1-10 16:49,chncwk,
,,LED真的做不出有立体感的画面吗？看上去不过是液晶升级版而已。,[s:41]好大的口气，我看你到时买什么牛B的电视，一个烂LG的工程机都被你吹的天花烂醉，JD不过总销量才几百台，LG都不好意思说。,2014-1-10 16:53,C生活,
,,好大的口气，我看你到时买什么牛B的电视，一个烂LG的工程机都被你吹的天花烂醉，JD不过总销量才几百 ...,你都秒杀Kuro和Trinitron了，还有啥不敢吹的。,2014-1-10 17:02,chncwk,
,,,追求“真正完美的机型”不可能，也根本没有必要。,2011-5-22 15:16,VIPAce,
,,,完美的东西不存在啊~~~在各处都被奉为神机的KURO，你到真正用户比较多的国外论坛去，一样会看到很多人在抱怨各种问题，甚至有人被搞的退掉KURO改买LCD，在本论坛那些只会YY的人眼里根本不可想象的事情,2011-5-22 16:12,圣熊,
窦骁、周冬雨代言美的冰洗产品新形象~~~^_^,"商务部数据显示，截止2011年3月28日，全国,家电,以旧换新,销售额达到1611.2亿元，销售新家电4270.1万台，回收旧家电4422.9万台。其中，冰箱销售量为578.7万台，占比为13.6%；,洗衣机,销售量为563.4万台，占比为13.2%。,美的冰箱,和美的洗衣机携手《山楂树之恋》男女主角窦骁、周冬雨重磅出击，以年轻、健康、清新、时尚的形象为美的冰箱、美的洗衣机未来市场的增长增添新的动力。,据了解，家电以旧换新补贴范围包括,电视,机、冰箱（冰柜）、洗衣机、,空调,、电脑等五类家电产品，可按新家电销售价格的10%给予补贴，同时也设置了补贴上限，电视机400元/台、冰箱（含冰柜）300元/台、洗衣机250元/台，空调350元/台，电脑400元/台。      美的相关负责人介绍，随着人们生活水平的提升，中高端家电产品越来越受到消费者的青睐，在家电更新换代的过程中，家电以旧换新政策受到广大消费者的喜爱。中国家电协会理事长姜风指出，随着消费升级、高收入群体扩容，家电不再是冷冰冰的摆设，而应该是可以满足消费者审美需求和情感需求的产品，而这也正是高端产品的独特魅力。,业内人士分析，随着80后人群日益成为消费主流，如何抓住80后群体的注意力和消费偏好，成为家电企业开拓新营销市场的关键因素。去年11月10日，美的冰箱、美的洗衣机正式签约《山楂树之恋》男女主角窦骁、周冬雨为新的形象代言人，年轻、健康、清新、时尚的代言人形象为美的冰箱未来市场增长启动了全新动力。。,美的制冷中国事业本部副总裁王金亮在签约仪式上介绍，此次启用窦骁周冬雨作为美的,冰箱,、洗衣机的形象代言人，正是看好他们对年轻消费者的号召力和沟通能力，通过“情感纽带”建立美的冰洗和主流消费群体之间的深度沟通。",,,2011-5-20 16:42,商促网电器频道,https://www.jdbbs.com/thread-2673991-1-1.html
,,你都秒杀Kuro和Trinitron了，还有啥不敢吹的。,[s:41]OLED秒杀他们妥妥的，没有任何疑问，除非是GGYY这样的人才会有疑问。,2014-1-10 17:04,C生活,
,,OLED秒杀他们妥妥的，没有任何疑问，除非是GGYY这样的人才会有疑问。,GGYY的理论刚晋升论坛第一定律，等你有了他的贡献后再来摆龙门吧。,2014-1-10 17:06,chncwk,
,,,作者被禁止或删除 内容自动屏蔽,2014-1-10 17:06,chncwk,
,,,代言下乡产品确实绝了！！[s:97],2011-5-20 17:24,dw0425,
,,,[s:97] 。。年轻、健康、清新、时尚的代言人,2011-5-20 19:04,商促网电器频道,
,,,[s:15] 。。美的产品确实不错。值得推荐。,2011-5-21 10:02,商促网电器频道,
,,,作者被禁止或删除 内容自动屏蔽,2014-1-10 17:06,chncwk,
OLED时代带来超完美的视觉享受,"电视行业在近几十年的时间内发生了翻天覆地的变化，尤其是液晶电视的上市，使电视技术得到了更高的提升的同时加快了电视更新换代的速度，直到现在液晶电视虽已经普及到千家万户，但在观看视角、反应速度、色彩还原度等都不及,OLED,电视，,OLED,电视的诞生为我们带来了高技术、高画质的完美呈现，掀起了电视行业的新革命，,OLED,电视的发布也宣告了电视市场,OLED,时代的开启。,1QQ截图20131226165258.jpg,(128.92 KB, 下载次数: 2),下载附件,2013-12-26 16:56 上传,从技术优势来说，,OLED,电视具有自发光特性，超薄的设计突破了电视超薄的底线；宽广的观看视角突破了传统电视观看视角的限制；超快的响应速度呈现出完美的影像画面；无限对比度能够呈现色彩层次分明的画面，观看效果远远高于传统的,LCD,电视，下面我们就来具体看看,OLED,电视呈现出的完美效果吧。,今年九月率先在中国发布的,LG OLED,电视外观新颖，非常具有特色，这款电视向内凹进稍具弧度的曲线屏幕令人陶醉，最薄处,4.3mm,的机身只有传统,LCD,电视的三分之一，成功突破了电视超薄的底线。另外，高贵的水晶透明底座，从远处看,OLED,电视就像是悬浮在空中一样，,高贵典雅而不失时尚感。,图片2.jpg,(41.31 KB, 下载次数: 1),下载附件,2013-12-26 16:56 上传,在用液晶电视观看极速运动画面时不可避免地会出现画面拖影、残影的情况，为观影带来了很多麻烦。经过技术上的创新，,OLED,电视以全新的姿态呈现在我们面前，它成功的解决了画面拖影问题，将响应速度提升到了,0.001ms,以下，超高的,响应速度即便播放极速运动画面也能保持画面的清晰度，不会出现残影的问题，为消费者带来了犹如影院般震撼的极速运动画面。,图片3.jpg,(71.56 KB, 下载次数: 1),下载附件,2013-12-26 16:57 上传,另外，更值得一提的是，,OLED,电视的观看视角也有了一个质的飞跃，杜绝了观看死角，能为用户提供全方位观影的舒适观影效果。据了解，,OLED,电视将观看视角提升到了,160,度，观影者即便从侧面观影也不会有画面失真、偏色的情况，,OLED,电视保证了观影者能够看到全面而完美的画面。,图片4.jpg,(22.71 KB, 下载次数: 1),下载附件,2013-12-26 16:57 上传,不论是在色彩显示、观看视角还是反应速度上，,OLED,电视都彻底颠覆了传统液晶电视在消费者眼中固有的形象。,OLED,电视突破性的的创新为消费者带来了更加完美的视听享受，具有改写电视历史的划时代意义，必将引领未来电视行业发展新潮流。",,,2013-12-26 16:57,欢快的世间,https://www.jdbbs.com/thread-4983256-1-1.html
,,,我看行。,2011-5-23 08:27,商促网电器频道,
,,,不做评论,2011-5-23 09:04,淘小陈,
电视就是早买早享受，永远没有完美的，不要为了等下一代浪费时间，咱耗不起,2010年10月的时候拿着银子准备入手55的hx800，去了一看价钱还挺好符合自己的预算，可是没有买，因为发现旁边的nx810太帅了，画质也比hx800好，可惜价钱太高，骂了自己是穷鬼一顿，发誓过半年买nx710或者nx810。结果2011年4月愿望实现买了46的nx710，后来调换成55的nx810，高兴了没有一个月发现电视买小了，最主要的是索尼出了hx920，心里纠结，想为什么不等几个月到10月再买hx920呢，以上种种应该算是大多数人的心理吧，咱是普通人也这样，也没什么丢人的。但是理性的分析，当时买hx800时就应该拿下的，因为电视毕竟也是电子产品，一代比一代强是它的基本特征（说一代不如一代的脑残，我不和你争论，因为我是正常人，我认为实事求是，是对一个人的基本要求），所以这个是无休止的，等到hx920大面积铺货价格也符合了大多数人，那么可以预见的是hx930什么的也就快出了，什么裸眼3d，裸眼全高清3d，高高清，大尺寸oled，全息电视，味觉电视，机器人投影电视，还有一些随着技术的发展出现的好的新生的事物，太多了，这还有完吗？答案是：在大家有生之年，没完。按技术角度考虑什么时候买电视都不合适，因为技术总在发展，旗舰是相对的。所以大家也就不要纠结画质啊，下一代旗舰啊，这个都是浮云，在现阶段画质对于尺寸来说是浮云，趁着年轻赶紧买个大尺寸的，别一直等到对电视没兴趣只对钓鱼有兴趣了，咱等不起的，早买早享受，就是等到死也等不到完美的电视，因为那是不存在的,,,2011-5-10 14:30,hwdok,https://www.jdbbs.com/thread-2643074-1-1.html
,,,关键是价格，市场战胜技术的例子不在少数。,2013-12-26 21:23,老钟头,
,,,有些了解的，LG曲面OLED电视OLED电视的画面色彩很突出，而且它的不闪式3D效果也给力不伤眼。,2013-12-26 22:35,有点感觉了,
,,,"说的没错啊,我的款才付掉就来了920,白白得多花1w，实际效果有1w的提升么,不能跟着厂子的宣传跑,自己觉得OK就行,话说回来，HX800的3D确实有点闪啊，尤其是大面积白色的时候,闪的难受，后来调整一下效果要好一点,在看丛林大反攻的时候3D效果相当不错，可是偏一点点角度就不行了，这也是个问题,hz这边没啥地方摆出920，没机会试试，但是如果这俩问题能解决，多点钱也值了,看看今夏的片子，估计秋天的时候，3d片源要比现在翻翻了，不可忽视啊",2011-5-10 14:40,1118752,
,,,我买家电，就是要不就买最高端，要不就买比最低端高一个档次的低端产品，两头得图一头，不然就容易进入误区......................[s:98],2011-5-10 14:49,lmylang,
,,,是啊，人生苦短，必须及时行乐！,2011-5-10 14:54,richzz,
,,,OLED电视的广视角我很喜欢，有160度呢，坐着躺着都能看，真心不赖,2013-12-27 00:06,生命在旦夕,
最完美的 WIN8.1 PRO 平板来了！！,"支持LTE网络 夏普将推10.1吋Mebius Pad,2013-12-19 05:22:38,中关村在线报道：,Windows 8.1平板阵营终于又添新丁，它就是来自夏普的Meibus Pad。该平板最亮眼的地方有两处，首先它的屏幕为10.1英寸分辨率为2560x1600，采用IGZO显示屏(像素密度达到了300ppi)；其次，该平板支持LTE网络——秒杀当前市售的大多数Windows 8.1平板的规格，较9.7英寸的iPad Air亦毫不逊色。,夏普Mebius Pad,夏普Mebius Pad,当然，夏普在今年9月举办的""日本高新技术博览会""(CEATEC)上就向我们介绍过Meibus Pad了。至于LTE网络的支持方面，尽管诺基亚Lumia 2520支持Verizon的LTE网络，但是其配备的却是Windows RT系统。作为一款Windows 8.1平板，夏普Meibus Pad还搭载了英特尔 Atom Z3770 ""Bry Trial""处理器、4GB内存、64GB闪存、以及Office Home and Business 2013。Meibus Pad的厚度为9.5毫米(0.37英寸)，重量仅595克(1.3磅)，上市时间为明年1月，价格暂不知。",,,2013-12-19 16:27,许仙1414,https://www.jdbbs.com/thread-4979363-1-1.html
,,,电子产品价格降得真快！,2011-5-10 15:00,里脊牛,
,,,深度同意楼主的消费观,2011-5-10 17:04,qwf,
,,,haha,2013-12-24 15:47,许仙1414,
最完美的 WIN8.1 PRO 平板来了！！,"支持LTE网络 夏普将推10.1吋Mebius Pad,2013-12-19 05:22:38　来源:,中关村在线,(北京),有0人参与,分享到,易信,新浪微博,腾讯空间,人人网,有道云笔记,中关村在线报道：,Windows 8.1平板阵营终于又添新丁，它就是来自夏普的Meibus Pad。该平板最亮眼的地方有两处，首先它的屏幕为10.1英寸分辨率为2560x1600，采用IGZO显示屏(像素密度达到了300ppi)；其次，该平板支持LTE网络——秒杀当前市售的大多数Windows 8.1平板的规格，较9.7英寸的iPad Air亦毫不逊色。,夏普Mebius Pad,夏普Mebius Pad,当然，夏普在今年9月举办的""日本高新技术博览会""(CEATEC)上就向我们介绍过Meibus Pad了。至于LTE网络的支持方面，尽管诺基亚Lumia 2520支持Verizon的LTE网络，但是其配备的却是Windows RT系统。作为一款Windows 8.1平板，夏普Meibus Pad还搭载了英特尔 Atom Z3770 ""Bry Trial""处理器、4GB内存、64GB闪存、以及Office Home and Business 2013。Meibus Pad的厚度为9.5毫米(0.37英寸)，重量仅595克(1.3磅)，上市时间为明年1月，价格暂不知。",,,2013-12-19 16:09,许仙1414,https://www.jdbbs.com/thread-4979349-1-1.html
,,"原帖由,花花草草最好,于 2011-5-10 17:00 发表,从我三月开始关注到现在5月，有一款电视 进口品牌 我眼睁睁看着它降了2000.",不知道老兄说的是哪个,2011-5-10 20:24,hwdok,
,,,同意，消费品就是早买早享受,2011-5-10 20:30,零三零,
,,,本来就是这个道理 不过想有性价比 还是 等上市半年以后再出手 这样损失好一些 8个月我认为最好 再久可能就下市了呵呵 55HX800 1万2 55NX8101万4 都是下市的价钱了 我相信55HX920 现在上市价钱2万2 下市的时候也应该能到1万5 50的VT20不也从2万多降到1万1了吗呵呵,2011-5-11 03:25,DANNY521,
,,,"本帖最后由 许仙1414 于 2013-12-19 16:13 编辑,win8.1 pro （不是该死的RT），高分屏（不是1366x768,不是1920X1080，而是2560X1600！！），超轻重量（才,595,克，不是该死的SURFACE PRO 2 的900克！！）:victory:",2013-12-19 16:12,许仙1414,
,,,只是价格要7000多元{:soso_e171:},2013-12-19 16:14,许仙1414,
,,,说得对，不过国内的市场定价方式来说，上市最初可以暂缓，最好是3~6个月后入手,2011-5-11 09:38,hellpapa,
,,,"不急的话,肯定不会在新品上市时买 现等10.1 出手55HX920或52X50A 55VT31国庆节价格可能满高的....反正到时候再出手....",2011-5-11 09:48,clavin,
,,,hx920还没见过呢,2011-5-19 19:56,hwdok,
本人有国美的，买平板电视 满7999减400的蓝券一张！,有需要的请联系！{:soso_e113:},,,2013-12-7 17:08,cxldkj,https://www.jdbbs.com/thread-4972896-1-1.html
,,,楼主说得也是，厂家就是变着法子掏咱们口袋[s:43],2011-5-20 17:21,中华红,
北京诚心求一台完美的索尼FW900。~~~~~~~~~~~~~~~~~~~~~~~~~~~~~~~~~~~~,同城自取，当场验货，完美付款。价格不是问题，问题是完美。QQ1327083591,,,2011-5-12 07:57,春雷咆哮,https://www.jdbbs.com/thread-2646582-1-1.html
美的空调让人伤心,"6月23日，本人接了个门面做生意，同时把二楼的第一间房子作为临时办公室。,9月18日，在办公室无人的情况下（空调在使用中），空调自燃。,9月19日，打了美的全国售后电话。,9月20日，当地售后到来，到来后说他解决不了，照了几组照片离开，，，,9月22日，郑州售后到来，并说他解决不了，照了几组照片离开，，，,大概过了十天左右，本地售后说来了一个工厂的人和郑州的售后，他们来了以后一开始就说这种情况跟他们没关系云云，我当时很生气，就说，既然跟你没关系，你来干什么。后来他们直接就说赔我一套新空调这事就算了吧，，再后来就问我想让怎么赔，，，，我了个去，来的俩人狡猾的跟狐狸一样的，现在想起来就觉得可怕。,后来我在网上通过网上朋友得到了几个领导的电话，就跟他们反映，当时都说了句：我问问情况。之后我的电话就再也打不通他们的电话了，，，，，，，，，几个都是美的集团的高层呀！！！！就这样处理问题的？？？？？,今天都10月25日了，40天了，，，，美的彻底的无人管了，没办法，只好在网站上和各位亲们诉诉苦，以后买空调要注意了，售后不好，不作为，害死人了,有图片，不过不在身边，以后发上来",,,2013-10-25 02:10,品味---北宋官瓷,https://www.jdbbs.com/thread-4939695-1-1.html
,,,w900要不要？呵呵。,2011-5-12 11:42,warwick123,
,,,真是笑话~索尼总部也找不到完美的FW900！,2011-5-12 12:00,.风语者,
,,,拿什么喂那个BNC?,2011-5-12 12:03,3240,
国美的红卷,弱弱的问问大侠们，国美返的红卷意义大吗,,,2013-3-28 10:39,choan,https://www.jdbbs.com/thread-4669099-1-1.html
,,,"价格不是问题?????牛皮可不要乱吹!!![s:14] [s:14] [s:14] 放心我没有,不过我相信重赏之下必有勇夫,只要价格不是问题肯定有人帮你弄到,不过我担心人家开个天价你怎么办?",2011-5-12 12:23,利物浦,
,,,"为什么要收FW900   那已经是后来的机器了,我的最爱是 GDM-F500   不过实在也每地方放了 全新的机器基本没有,[,本帖最后由 DX380 于 2011-5-12 13:28 编辑,]",2011-5-12 13:23,DX380,
,,,红券一般可以当现金使用,2013-3-28 10:42,安迪劳,
,,,继续在他那里消费就有意义。,2013-3-28 11:22,chncwk,
,,,在用，不赞成lz举动,2011-5-12 17:22,克里雅,
,,,"回7楼,淘宝上没有！,3年前还有很多卖家有原膜的现在就算挂着销售也不见得有货,我已经问过很多淘宝卖家，包括彩显之家 和铁血丹心都不敢保证完美,这种东西怀旧意味太重了,有钱不如上这个LP2480zx",2011-5-12 20:29,城里的雨夜,
,,,为什么我发的地址不能点呢，奇诡啦，疯啦,2013-10-18 14:03,fight_heroicall,
,,,当然意义重大了，可以当钱用,2013-10-18 14:05,默漠,
,,,"我原来的公司有一台，原来设计总监用的，但是设计总监几乎不在深圳上班，所以用得极少。,假设说楼主愿意花公司当年买这个机器的原价的话，我想公司一定毫不犹豫卖给你，你真要吗？",2011-5-12 20:41,水至清,
华丽的画面和完美的音效，东芝3D魅惑演绎立体世界,"近日，,东芝,液晶电视,的REGZA品牌再次获得日本金赏奖。自2006年推出以来，〈REGZA〉先后在日本斩获了60多个电视行业大奖，其核心技术——REGZA高画质引擎，对,液晶电视,画质实现了全面的提升，由此受到了业内专家和消费者的一致认同。,近年，,东芝,液晶电视势如破竹，销量节节攀升；凭借过硬的技术和良好的口碑，东芝电视在日本的销量已经超过了SONY和,夏普,，直逼冠军宝座。,据透露，东芝将会坚定不移地加大在中国市场的推广力度，,目前在中国投放的24款产品，全部搭载<REGZA>高画质引擎,。3D旗舰55X1000C还采用了东芝最新的LED全背光控制系统，具体来说，就是采用了数量高达3072个的LED背光源，并将其分成512个区域对画面亮度进行精准的调控，从而令画质产生质的飞跃。,而定位中端的TF1C系列，则采用东芝“晶彩靓屏”，通过在液晶屏表面添加防散射涂层，有效抑制外布光线照在屏幕上产生的杂乱反射，和背光源照在屏幕上时产生的杂乱折射，从而有效提高画面的对比度和清晰度，真实再现图像绚丽色彩。,据了解，东芝公司为去年举办的上海世博会日本馆提供了展示用的液晶电视，来自世界各地的游客均对其超凡的高画质效果发出由衷的赞叹。,2011年5月7日，东芝3D电视上海体验会正式举行：,http://tech.hexun.com/2011-05-11/129506542.html,[,]",,,2011-5-11 21:50,qiuhu,https://www.jdbbs.com/thread-2645686-1-1.html
,,,用的上就有意乙,2013-10-18 13:18,lyh970201,
,,,红券一般可以当现金使用，意义挺大,2013-10-18 13:22,fight_heroicall,
,,,但是要克制，买买就买回来些没用的东西，放家里睡觉，不搬家还行，搬家愁死啦,2013-10-18 13:50,fight_heroicall,
夏普 60E77A 8900 国美的值得入嘛？,"看中价格不错，对画质要求不高的，这个机器可以嘛？,我大概9月结婚啦~还是等几个月再买？",,,2011-5-4 14:16,wuyilala,https://www.jdbbs.com/thread-2624681-1-1.html
感觉国美的服务真不行啊....：（,"18号晚价格大战，先是在苏宁下单付款了。又看到某美偷偷的小价格波动于是立刻取消订单买了国美的。,可是到现在了国美的配送电话都没打来呢。苏宁的评价上都有18号下单的买家了......,真是郁闷啊,不应该为了这点钱就投靠国美....",,,2013-4-20 13:24,SixDogs(6狗),https://www.jdbbs.com/thread-4698761-1-1.html
,,,夏普（Sharp）LCD-60E77A彩电4.28~5.8参加“购物有礼”活动可送900蓝券,2011-5-4 14:26,wuyilala,
,,,还是买50寸的松下等离子系列？,2011-5-4 14:31,wuyilala,
,,,很便宜啊！我要是缺电视也买个玩玩了,2011-5-4 14:37,draja,
,,,"本帖最后由 zs007 于 2013-4-20 15:18 编辑,莫非俺的人品爆发？18日晚23点下单HX950，19日晚20点冒雨送到家，还是完美屏！",2013-4-20 15:15,zs007,
,,,不会吧，我19号下午2点多付款的，5点就送到家了。是不是地区差异啊。,2013-4-20 15:52,fbicat6,
,,,有同感，以后要好起来才行啊,2013-10-18 13:19,lyh970201,
,,,够便宜，可以入了,2011-5-4 14:39,kakayv,
,,,楼上的都增加了我的信心啊，我最主要疑虑的是我9月使用，这段时间是否还会跌的更低这个问题 哈哈！,2011-5-4 14:47,wuyilala,
,,,希望你还能买到……呵呵,2011-5-4 14:53,zhangbinworld,
本人想要收工作状态及成色完美的三超画王及大野画王,本人原重金收购状态及成色完美的松下三超画王及大野画王,,,2013-10-12 02:28,谢拉特,https://www.jdbbs.com/thread-4932018-1-1.html
,,,"60寸的再低也低不到哪里去了吧，一般电视的价格在5/1，10/1会猛降，其他月份基本都是维持不变的,你这个已经是5/1价了，保到10/1应该是没问题",2011-5-4 14:57,kakayv,
,,"原帖由,zhangbinworld,于 2011-5-4 14:53 发表,希望你还能买到……呵呵",订单下了，刚才还有货，只不过还没支付！,2011-5-4 14:59,wuyilala,
,,,"夏普（Sharp）LCD-40G120A彩电4.28~5.8参加“购物有礼”活动可送300蓝券！,九折价￥3320.1 纠结啦~在想是否都一起买掉算了 不等到8-9月了",2011-5-4 15:22,wuyilala,
,,,"非常严肃的告诉楼主：GY老师3419还是3914啥的，画质已经完全秒杀三超画王以及大野，论坛上那个不知，谁人不晓啊。,帮顶~!",2013-10-12 03:24,真金白银x2,
让人醒目！！国美的SONY电视超低价格！！！非常让人醒目！！,"未标题-1副本.jpg,(93.69 KB, 下载次数: 2),下载附件,2013-8-5 23:38 上传,让人醒目！！国美的SONY电视超低价格！！！非常让人醒目！！",,,2013-8-5 23:38,notonly,https://www.jdbbs.com/thread-4896477-1-1.html
,,,呃。着数连着来啊,2011-5-4 16:06,初哥liugod,
,,"原帖由,初哥liugod,于 2011-5-4 16:06 发表,呃。着数连着来啊",厄。一点都看不懂,2011-5-4 16:09,wuyilala,
,,,"60E77A论坛里面的朋友有不少人买了，你可以搜索一下,8900买60寸，我感觉很划算！看高清效果很好！,其他不多说了",2011-5-4 17:03,zhangbinworld,
,,,"超什么低啊。都没货了,而且今天国美团被忽悠就是这个型号",2013-8-5 23:53,菜蛙,
,,,低端型号，有什么好抢的，晕,2013-8-6 00:07,earthcg,
,,低端型号，有什么好抢的，晕,有多低端？？？比康佳低端吗？？？,2013-8-6 23:25,notonly,
,,,4.23逛苏宁的时候店里60E77A标价11500，后来在马路对面的国美看到标16500，真是不要脸啊。有几个人在看，我看像是要买的样子，赶紧推荐他们去对面苏宁了哈哈哈[s:68],2011-5-4 17:24,kakayv,
,,"原帖由,kakayv,于 2011-5-4 17:24 发表,4.23逛苏宁的时候店里60E77A标价11500，后来在马路对面的国美看到标16500，真是不要脸啊。有几个人在看，我看像是要买的样子，赶紧推荐他们去对面苏宁了哈哈哈[s:68]","好人啊~[s:20] 我现在电视机看好了 看洗衣机呢,哎 博世对开门 国美网店没买到 只能库巴网5999 亏了400多啊",2011-5-4 22:46,wuyilala,
LG的Full led是十全十美的么？,LG一直推销的Full led，既有直下式的节能，色彩均匀，防止漏光的优点，又有侧入式轻薄的优点，它有什么缺点么？如果没有，为什么其他厂家不往这方面发展呢？难道说LG是技术最高的？？？？不应该吧[s:8],,,2011-4-4 21:13,wky725,https://www.jdbbs.com/thread-2562554-1-1.html
,,,"是的,假团,真实的没货.,这个价格,可能没有更好的选择了.,当然,要小尺寸,可以选择39的长虹6000I",2013-8-6 23:46,吃米,
,,,本来就是低档货，质量跟国产的一模一样。,2013-8-7 08:26,chncwk,
,,,哪怕是1块钱又如何，无货更醒目,2013-8-7 09:27,guokj,
,,,没人说他是十全十美的，它仅仅是一个背光技术,2011-4-4 21:40,骑牛上北京,
,,,"我知道的最早用这种布置方法的是SHARP XS1，然后是SAMSUNG B8500，去年Sony HX900也采用了相同的布置方法,Full led = 直下式led，别被LG的宣传骗了.......",2011-4-4 21:43,圣熊,
,,,不是被LG骗，只是他在宣传，他在营销，人家有这个技术为啥不宣传喃,2011-4-4 21:54,骑牛上北京,
,,有多低端？？？比康佳低端吗？？？,索尼电视高端=极品，低端=垃圾。（只指图像）,2013-8-7 12:53,105PP,
,,,是个骗局，你能看到超低价，肯定没货，然后价格调整后就有货了。,2013-8-8 19:57,yue212332,
,,,国美就是垃圾，做活动的时候从来没货。别信！,2013-8-8 15:24,bbirdd,
,,,方便面广告，大家都懂得,2011-4-4 22:00,忘了用户名,
,,,关键为啥这种LEd能做薄而夏普的直下不能薄呢，，，不懂。。他在薄的同时，，有什么弊病么？,2011-4-4 22:02,wky725,
,,"原帖由,骑牛上北京,于 2011-4-4 21:54 发表,不是被LG骗，只是他在宣传，他在营销，人家有这个技术为啥不宣传喃","事实是LG的广告确实在误导消费者，full led和直下式led在原理上基本是相同的.........别人有技术为啥不宣传？别人不想误导消费者而已，类似的例子还有，Sony在三星之前就推出了侧射LED机型，但是并没有像后来的三星那样铺天盖地的宣传""LED TV，全新种类的电视“.......,[,本帖最后由 圣熊 于 2011-4-4 22:20 编辑,]",2011-4-4 22:16,圣熊,
,,,国美今年好像是什么第十五年？只感觉那里的东西好贵呀！伤不起,2013-8-8 15:27,新艾城,
熬夜不睡为哪般?通宵实测美的一晚1度电空调,"前言：,俗话说事实胜于雄辩，可不经验证，又怎知真相？当美的一晚1度电空调备受争议之时，唯有进行权威的测试，才能揭晓一晚背后究竟是1度电还是何答案！,在空调产品竞争激烈，市场变频、节能产品百花齐放的今天，很多朋友对美的空调一晚1度电，投来了关注的目光，但同时，质疑的呼声也是不断高涨，这让更多的朋友提出这个疑问，“美的空调一晚1度电空调，一晚真能仅耗1度电？”,在7月2日-4日期间，万维家电网选用三位专业评测编辑，对美的 KFR-26GW/BP3DN1Y-KB(1)空调进行了夜间8小时的耗电使用实测，用相机、数据，为大家记录此次测试结果。,在测试结束后，万维家电网的三位评测编辑，在评测美的一晚1度电的空调时，有着很多不同的感受。有的觉得它特别省电，有的则觉的在使用时空调的制冷很出色。下面就是万维家电网三位专业评测编辑对美的一晚1度电空调做出的点评与评分。,第一天测试：8小时耗电0.9653kwh,测试编辑点评：,在室外温度接近30度的情况下，空调将 室温从26.1℃，调控至23.7℃，让室内凉爽舒适，而在运行了8小时以后，空调仅耗费了0.9653kwh。从测试过程中能明显的感觉到室温的变化， 也发现空调一直在舒爽的为室内送风，而运行8小时仅耗费0.9653kwh的耗电量，还让我们对这款一晚1度电空调刮目相看。,●第二天测试：8小时耗电1.0155kwh,测试编辑点评：,没有做不到，只有想不到。在测试完此款空调时，还是会为它的出色节能效果所惊叹。自己使用的老空调开一晚上要在7度电左右，而一款一晚1度电的美的变频空调，将空调的耗电做到如此出众，为我们消费者提供了更优质的节能空调产品。,●第三天测试：8小时耗电1.1380kwh,测试编辑点评：,节能空调是未来发展趋势，一款出色的空调产品，必然有着出色的节能效果。这款空调虽然外观设计上并不让人眼前一亮，但是从测试结果看，空调无论是从控温还是从其耗电方面，都让人比较满意，并用实际耗电，证明其一晚1度电的出色节能科技，是一款今夏值得入手的变频节能机。,在盛夏时节，万维家电网选择了三个艳阳高照的日子，连续三天夜晚，对美的 KFR-26GW/BP3DN1Y-KB(1)空调进行了夜间8小时实际耗电测试，从测试结果中可看出，空调在开启ECO节能模式以后，连续运行8小时，分别耗电为0.9653kwh、1.0155kwh以及1.138kwh。这款美的空调，整体实现了一晚1度电的使用效果。,美的一晚1度电空调 夜间运行8小时耗电测试结果：",,,2013-8-1 01:08,白首卟相离,https://www.jdbbs.com/thread-4893555-1-1.html
,,,这种薄的直下式有什么弊病么？毕竟LG的价格不高，而且我查了下同志们说的几款，都是顶配机。这以后会是发展方向？,2011-4-4 22:20,wky725,
,,,"不说SHARP那台试验性质浓厚的XS1（2厘米），三星那台大量上市的B8500也是2厘米左右，09年的机器了，当时LG还没开始采用这种技术呢,弊端是做得不好的话会感觉整个画面是横向一条一条的..........",2011-4-4 22:22,圣熊,
,,,"现场看过5500,,感觉跟正常的区别不大。。应该还没有画面横向一条一条",2011-4-4 22:24,wky725,
,,,5毛，拿去,2013-8-1 07:47,yk_hust,
,,,室温和外界温度差异不到一度 有意义吗? 有本事把空调温度设定为19度试试,2013-8-1 08:02,aotclotr,
,,,所谓1度完全是坑蒙拐骗，谁买谁上当。,2013-8-1 08:17,生活快乐,
,,,"LE5500？那台没有采用你提到的那种背光方式.........天朝的话目前LE8600和LX9500是,[,本帖最后由 圣熊 于 2011-4-4 22:29 编辑,]",2011-4-4 22:27,圣熊,
,,,5500这个可以是。。。le8600那个是炫薄full led,2011-4-4 22:34,wky725,
,,,今年的Full LED有很大的改进，背光LED更多，分区更多、加了一层纳米扩散膜使背光更均匀，不的不说LG在这方面技术上有很大的技术改进:loveliness:,2011-4-4 22:36,骑牛上北京,
,,,呵呵！！室内温度26度滴时候开空调“卧窝”滴有几个咯，况且实际上开机为晚上10:00，室外温度30度，按我国气候特点，估计到了下半晚室外温度会下降6-8度，温度也就22-24之间，几乎没温差，还开傻子空调啊，这几天到长沙试试！！！[s:97],2013-8-1 08:55,dw0425,
,,,最后一个测试笑死了，室内温度比室外温度还高，还开什么空调啊，开窗不要电[s:97],2013-8-1 09:11,wojiuaijd,
,,"原帖由,圣熊,于 2011-4-4 22:16 发表,事实是LG的广告确实在误导消费者，full led和直下式led在原理上基本是相同的.........别人有技术为啥不宣传？别人不想误导消费者而已，类似的例子还有，Sony在三星之前就推出了侧射LED机型，但是并没有像后来的三 ...","广告的东西有时是这样的，家家都有误导，只要不太出格，也无可厚非。,如果人家 Marketing 那帮人 都像你这种学院派 技术流的话，那就die hard（死硬）了。",2011-4-4 22:37,gzpatrick,
,,,LE5500真不是...........,2011-4-4 22:37,圣熊,
,,,你这测试可真丢人！,2013-8-1 09:47,JN-HAN,
,,,室外29.8度 还用开空调？？？？？？？？,2013-8-1 10:06,aiken99,
,,,纯粹骗人的，这段时间晚上打开空调室内温度显示29-30度，如果是顶楼还要高得多，室内26.1的温度是怎么来的？就是地下室也不止26.1度，如果是26.1度，还要开空调干嘛，我家的空调设定温度就设在26度，看电视时还要盖个毛巾被[s:68],2013-8-1 10:30,cyfcyf88,
,,"原帖由,gzpatrick,于 2011-4-4 22:37 发表,广告的东西有时是这样的，家家都有误导，只要不太出格，也无可厚非。,如果人家 Marketing 那帮人 都像你这种学院派 技术流的话，那就die hard（死硬）了。",我只是在解释为什么别的采用同类技术的牌子都没像LG这样大张旗鼓的宣传而已.........,2011-4-4 22:38,圣熊,
,,,27度都冷耶，可室外都在40多度左右呢{:soso_e160:},2013-8-1 10:49,疯丫头008,
美的集团整体上市将正式实施,"美的电器公告，美的集团换股吸收合并美的电器已获得证监会批复，公司表示将尽快推动换股吸收合并，相关事宜将进入实施阶段。,公司还公告了美的控股及7名自然人股东与美的集团签署盈利预测补偿协议，8名股东将就美的集团2013年可能未实现的利润差额进行现金补偿，对美的集团2013年盈利实现更有保障。,批文获得后，美的集团整体上市工作将进入实施阶段，公司表示将按照相关法规程序，推动美的电器退市和美的集团上市工作。,此次美的集团发行A股只用于换股，不募集资金。按照方案，美的集团A股发行价格为44.56元/股，美的电器换股价格为15.36元/股，换股比例为0.3447∶1，即1股美的电器股份可换取0.3447股美的集团股份。,据了解，公司从今年4月1日公告美的集团吸收合并美的电器方案到取得相关批复，总共历时4个月。在获得证监会批复前，美的吸收合并事项已获得商务部批复以及外经贸厅原则性批复。公告显示，4月23日，广东省外经贸厅出具了原则性批复，初步同意本次换股吸收合并。6月8日，商务部反垄断局出具了《不实施进一步审查通知》。,公司表示，换股完成后美的集团将实现整体上市，是美的进入职业经理人时代以来在产业经营、组织管控、公司治理和资本价值等方面最关键一步。小天鹅A同日发布公告，本次合并完成后，公司控股股东将由美的电器变更为美的集团，公司实际控制人未发生变化。http://www.haxiu.com/",,,2013-7-31 12:00,kmzhangsir,https://www.jdbbs.com/thread-4893211-1-1.html
低碳生活----美的空调,"作,者,被,禁,止,或,删,除, ,内,容,自,动,屏,蔽",,,2011-3-14 16:40,hj276645791,https://www.jdbbs.com/thread-2532980-1-1.html
看到国美的官方网站上满7999-800元，SONY的W800A折后7399，有图有真想,"作,者,被,禁,止,或,删,除, ,内,容,自,动,屏,蔽",,,2013-7-9 22:07,ZHANGXIAOJUN,https://www.jdbbs.com/thread-4881095-1-1.html
国美的夏普52LX710DA报17500返1000块劵,52FF1A报18600返500块劵，最后因为反光选了710，我是郑州的，大家觉得这价格如何？,,,2010-12-1 11:43,zjw_xx,https://www.jdbbs.com/thread-2453508-1-1.html
,,,木有货~要不早买了,2013-7-9 22:09,112840956,
,,,我等着国美60EX640来货呢。国庆要是还没货，那就买60R550了,2013-7-9 22:16,q0w122,
,,,618时候易迅也差不多这个价，比国美靠谱多了,2013-7-9 22:37,mustardman,
,,,贵就一个字,2010-12-1 11:48,ngh913,
,,,京东才14999，你觉得你买便宜了吗。,2010-12-13 04:44,别摸偶,
,,,果然价格一代比一代低,2013-7-10 06:53,gujiecmzx,
镜子电视就是一张完美的魔镜,"想不想让家中的镜子一改往常素面朝天的摸样呢？莱克斯瑞为普通的镜子赋予了另一种奇特的身份，为您塑造了一面神奇魔镜——镜面电视。镜面电视利用镜面技术将电视各类设备轻松地安装在玻璃后面，最终在您面前毫无痕迹地伪装成一面光滑的镜子。关闭电视，它回归成一面平滑光亮的镜子，镜子中的您或明眸皓齿，皎如秋月，或沉稳自信，气宇轩昂。是镜子还是电视？镜面电视和镜子的完美转身，一切由您决定。,getCAMAKUEA.jpg,(38.72 KB, 下载次数: 0),下载附件,2013-5-14 13:21 上传,“当窗理云鬓，对镜贴花黄”两句简单的小词，潜藏的那份唯美浪漫即刻散逸出来对镜贴花黄，梳妆镜象征着女人心底最深的秘密。仿佛一名神奇的魔术师，将高清的电视画面显示技术与玻璃镜子相结合，把高科技元素融入到日常生活经常接触的镜子中，解决了玻璃的反光性和透光性两种互为矛盾的物理性质，让镜子中电视画面显示部分保持高清绚丽，又能使电视关闭时完全隐藏，做到梳妆打扮和欣赏节目两不误，让你的生活充满惊喜与乐趣。,镜子电视就是一张完美的魔镜，当你开机的时候，丰富的电视节目尽情演绎；关机的时候，就是一张完美的整体镜面。超薄机身，丰富的功能，完美无瑕的镜面效果，绚烂清亮的电视透视率,……,镜面和电视功能合二为一的镜子，莱克斯瑞为普通的镜子赋予了另一种奇特的身份，为您塑造了一面神奇魔镜,——镜面电视,。将高清的电视画面显示技术与玻璃镜子相结合，把高科技元素融入到日常生活经常接触的镜子中，解决了玻璃的反光性和透光性两种互为矛盾的物理性质，让镜子中电视画面显示部分保持高清绚丽，又能使电视关闭时完全隐藏，做到梳妆打扮和欣赏节目两不误，让你的生活充满惊喜与乐趣。,将莱克斯瑞镜面电视成为精彩生活空间的一部分，让您智慧地享受生活吧！",,,2013-5-14 13:22,莱克斯瑞,https://www.jdbbs.com/thread-4772517-1-1.html
,,"原帖由,别摸偶,于 2010-12-13 04:44 发表,京东才14999，你觉得你买便宜了吗。",我说的是DA好不好！,2010-12-13 08:48,zjw_xx,
,,,平安夜准备出击,2010-12-15 22:06,蓝翎,
,,,"我觉得贵了,我11月底买了台46LX710DA是12500返500券再送了个三洋电子像框,52寸的要贵了5000觉得应该是多了,LZ再多逛逛",2010-12-15 22:10,qtk9599,
让我们精心打造一个完美的智能网络家庭吧！！！,"新一代液晶面板技术层出不穷，更节能更好画质的技术，要依靠新技术来提高，而不是天天瞎吹几台过时的老电视,光纤与ADSL已经普及了我们每一个家庭，而无线路由器在中国厂商的大力推广下，价格已经只有百元左右了，当网络接入家庭时，我们连接上无线路由器，就形成了一个智能的网络中心,而我们的家庭，通过智能电视，电脑，智能手机，平板电脑，可以完全打造一个非常舒适的幸福的网络世界，当我们的电视机内置的WIFI无线网接入时（当然也可以网线接入的），当我们的手机WIFI接入时，当我们的笔记本与平板电脑无线接入时，整个家庭，不断地在满足每一位成员的一个独立的网络智能世界，让我们的每一台带有视听屏幕的智能电器，都接入网络,畅想一下，当我们的儿子在用手机打游戏时，我们的女儿还可以在智能电视机上看无数的高清在线动画片，而男主人与女主人都可以互不干扰的使用着自己的电脑或者平板，而整个家庭的每一位成员，都能够独立的满足于自己最需要的最喜欢的，它们都可以独立的浏览网页，看视频，都可以QQ聊天，打游戏，这种家庭生活是多么让人畅想啊，我们的家庭里再也不会出现争一台电脑，争一部手机，争一部电视机的现象了,当女主人有喜欢的电视剧时，可以在智能电视上连续的欣赏，当女主人在做饭时，安装有可转角度的电视支架面向的厨房与餐厅，同样可以欣赏着她最喜欢的电视剧或者音乐高清节目,这种生活，你们想要吗？,要买就买智能电视吧，带有A9双核的CPU的安卓4.0系统，带给你前所未有的享受与方便，小巧的系统，对视频的完全优化，流畅的打开各种网络视频，要比电脑的效果更加迅捷和方便的，这个时间到了，我们何乐而不为呢？,国产的海信，创维，TCL，长虹，康佳在高端配置上都已经有具备了双核系统的安卓系统，这些机器都配备了强大的高端8.5代生产线的液晶面板，成本高昂但价格不高，国产厂商低利润带来的好处会让我们真正的享受到高科技带来的喜悦，新技术所带来的画质是前所未有的精细，是很多合资品追不上的，同学们，解放我们的头脑，开阔我们的思想，张开我们的双眼，让智能电视的大潮冲击我们的视野吧",,,2012-10-9 10:44,hyzmw,https://www.jdbbs.com/thread-4458257-1-1.html
,,,"FF1和710确实挺纠结的,最后我也是买的710,原因很简单 710样子好看 FF1难看的很...,画面什么的   我要求不高 觉得710可以满足我了...",2010-12-15 22:11,qtk9599,
LG 和北美的vizio很像,"画质都说得过去 挂在家里面子上也过得去 性价比比较高,可惜vizio不在大陆销售",,,2010-11-4 16:29,jijitv,https://www.jdbbs.com/thread-2431578-1-1.html
,,"A9双核成本在100大元左右，安卓这个开放系统成本更低啦,智能是要搞，画质也不能放，这是唯一的出路","本帖最后由 hyzmw 于 2012-10-9 11:47 编辑,呵呵，全世界只有从你这儿可以用一百元购一套完整的A9架构的1--1.2G的双核CPU，加上8GB的存储器，1GB的内存，还有整个系统的芯片主板，和内置的无线网卡和网口，然后再加上无数工程师设计出来并不断深层优化的适用于电视机及遥控器的安卓4.0系统",2012-10-9 10:51,hyzmw,
,,"恩，那就再回个帖以示正听,A9双核成本批发价也就100余元，8G存储，1G内存现在很值钱？就这些放在手机里 ...",我好奇怪，你说话素质这么差，骂人的话是会让人看不起的，也不配在我们这个论坛里混，版主为何没有踢你呢？呵呵，真的很鄙视你！！！,2012-10-9 11:01,hyzmw,
,,,高不高档不是全看品牌，直接看外观经典的就是高档的。,2010-11-4 16:31,passarella,
,,,楼主明明是松下粉，还到处讨论液晶干啥！,2010-11-4 17:22,枪手脑残,
,,,"等离子 液晶 一个都不能少,等我有了钱 等离子 液晶 激光电视机 OLED CRT全要买齐",2010-11-4 18:08,jijitv,
,,,。。。画质第一。。。画质都超不过合资，谈什么智能。,2012-10-9 11:04,qianlongcz,
,,呵呵，全世界只有从你这儿可以用一百元购一套完整的A91--1.2G的双核CPU，加上8GB的存储器，1GB的内存， ...,不说别的 你推荐的电视从开机到可以使用需要多长时间 说出来听听,2012-10-9 11:04,clark0816,
,,不说别的 你推荐的电视从开机到可以使用需要多长时间 说出来听听,"本帖最后由 hyzmw 于 2012-10-9 11:45 编辑,电视机厂家不同，开机时间不同，有的先启动电视机，然后通过遥控启动智能系统，有的先启动智能系统，再启动电视，但双核的智能电视机启动时间都非常快，三星的现在打造的是2秒启动智能系统，但在实际使用中，第一次启动智能需要5秒左右，以后都是两秒内启动，国内的在启动安卓后，也是在2秒内切入智能系统。,但这些系统，都远要比电脑启动的快的多，它们没有硬盘，都是具备与超极笔记本一样的芯片固态存储器的极速启动条件，加上安卓系统的小巧，不仅启动快，而且在接入视频时，速度要高于电脑接入视频。,安卓系统是一个可以深层打造的智能系统，而且GOOGLE公司对全球免费的，并公开源代码的操作系统，这个系统的产生，已经给手机带来了革命性的变化，把苹果打的步步后退，随着安卓的发展，将要给电视机的变革，也带来更深远的影响，感谢安卓系统的强大与免费，给植入电视机带来的无比殊荣！！！",2012-10-9 11:14,hyzmw,
,,,"………,有钱当然先买房子女人！,天天被一群女人包围！",2010-11-4 18:10,枪手脑残,
,,,"女人“买”来就不值钱了，好比山寨机，总之不可能享受到高端的境界的。,房子反正有2套 这辈子也买不起第三套了 家电说实话 还买不了多少钱 50寸以内最贵的液晶和等离子也不至于要3万元吧   当然啦 退市的先锋不算",2010-11-4 18:15,jijitv,
,,"原帖由,jijitv,于 2010-11-4 18:15 发表,50寸以内最贵的液晶和等离子也不至于要3万元吧   当然啦 退市的先锋 ...",退市的飞利浦42寸液晶要48000，比利时进口货,2010-11-4 19:49,日系电器,
,,,路过     进来看看,2012-10-9 11:16,jhtxyb,
,,,支持坦克，a9安卓硬件成本不高这是事实，看看山寨的价格就知道，英伟达的某移动硬件处理器3才不过60大洋。,2012-10-9 11:46,dmran,
,,,楼主说的挺好的。,2012-10-9 11:50,joy5210,
,,,vizio是台湾的吧，好像品牌没LG有名,2010-11-4 22:28,非常东方,
最完美的LCD  夏普X超晶屏+东芝或飞利浦芯片+200HZ扫描+日立的超薄,不知道有没有,,,2010-9-28 00:22,jijitv,https://www.jdbbs.com/thread-2401074-1-1.html
,,,"这个仅仅处于智能家庭的""细菌'状态.,引用'革命尚未成功，同志仍需努力.'",2012-10-9 12:27,AM0055,
,,,多给点鼓励，少一点冷嘲热讽，中国人就能和国际接轨了[s:97],2012-10-9 12:34,wdw360,
,,,lg有400hz了,2010-9-28 00:23,日系电器,
,,,lzyy∞,2010-9-28 00:24,日系电器,
4.18  X美的950到货了 明天安装 求验机教程。。,怎么看亮点 坏点  怎么看漏光？ 怎样才算是完美屏 本人小白一个 求各位大神赐教{:soso_e100:},,,2013-4-20 22:54,黑醉,https://www.jdbbs.com/thread-4699133-1-1.html
,,,[s:148],2010-9-28 00:25,河南,
,,,现在最薄的是不是三星的c9000？,2010-9-28 00:30,日系电器,
,,"原帖由,日系电器,于 2010-9-28 00:23 发表,lg有400hz了",LG的400HZ = 200HZ + 背光扫描..............,2010-9-28 01:14,圣熊,
,,,{:soso_e115:},2013-4-20 23:35,黑醉,
,,,"同问。,不过我已问了好久，没人回答。,感觉坛子里商业气息很浓。友情气息很差。真正烧友不多。",2013-4-21 00:02,enthuse_j,
,,,同问,2013-4-21 00:03,莪想妳不懂莪,
,,"原帖由,jijitv,于 2010-9-28 00:22 发表,不知道有没有",东芝和飞利浦N年前就不做电视芯片了,2010-9-28 01:59,xiaoshen,
,,,超薄立刻就可以扔了,2010-9-28 02:00,s.kircheis,
,,"原帖由,圣熊,于 2010-9-28 01:14 发表,LG的400HZ = 200HZ + 背光扫描..............","这么说的话夏普也算200/240hz了,120hz倍速+120hz极光倍速",2010-9-28 02:02,日系电器,
,,,我虽然没有机器，但是知道可以用pc接上，显示纯色图。 pc上可以下载检测显示器的软件。 sony 好像有专用的。 另外调试模式里面不知道有没有，可以让sony 专业人员来帮忙免费调试。,2013-4-21 00:09,nieao,
,,,同样请教！,2013-4-21 05:05,浪漫绅士,
,,,可参考我的帖子,2013-4-21 09:23,跄跄棍,
,,"原帖由,xiaoshen,于 2010-9-28 01:59 发表,东芝和飞利浦N年前就不做电视芯片了","东芝一直在做,而且很好",2010-9-28 12:22,squallashui,
,,,LZ要求太高了，这么多功能买回去有啥用,2010-9-28 12:28,larrycn,
,,,"接上电脑，用个360硬件大师，以前叫鲁大师吧。或者DisplayX。,950是局域控光的，要用4%的图片，而不能用全黑的图片。",2013-4-21 09:34,chncwk,
,,,4%什么图？,2013-4-21 09:42,enthuse_j,
,,,sony电视不自带一些3d视频、图片吗？,2013-4-21 09:43,enthuse_j,
,,,楼主的机子什么时候产的？我的也是20号到的。,2013-4-21 10:16,forth,
,,,"http://pan.baidu.com/share/link?shareid=416096&uk=1848342756,外包装的整洁度，内包装的整齐度，包装塑料薄膜是否平整，所有配件是否齐全,查看电视外观有无刮痕，屏幕是否洁净无手印等污物，各接缝处是否平整,进工程菜单看开机时间及次数以确保全新机（电源-屏显-5-音量减-电源）,用纯色图片查看有无坏点，全黑下查看漏光情况,接入视频信号，测试每个接入口通道是否正常，查看视频图像显示是否正常,检查遥控器各键是否正常,检查喇叭质量，声音开到70%以上，看是否有噪声，破声,电流声检查，接入有线信号，静音下靠近电视听是否有吱吱声,进入工程菜单方法,先打开电视机，调整到正常收看有线电视的状态。然后按照以下步骤操作：,顺序按遥控器按键 五下, 动作要连续,1   右上角绿色""电视电源""键,2    ""屏显""（圆弧右上角的小""屏显""字, 不是大的""屏显模式""）,3    数字 ""5"",4    音量减号 ""—"",5   同1 , 右上角绿色""电视电源""键,稍后， 显示工程菜单 (见贴中照片， 几排绿色字体),左下角最后一行 XXXXX   -   XXXXX    -    XXXXX,具体表示     开机时间     开机次数     待机时间,退出工程菜单：遥控器右上角绿色“电视电源”， 连按2次, 回到有线电视状态",2013-4-27 14:59,chilajiao,
,,,中间显示5，其他是0，表示什么,2013-4-27 15:57,1104797695,
,,"http://pan.baidu.com/share/link?shareid=416096&uk=1848342756,外包装的整洁度，内包装的整齐度，包装 ...",[s:20],2013-4-27 15:58,Scorpio,
想买950的注意了，国美的红券不能用于本单抵减，只能用于购买其他商品。,"除非你能把红券折现，否则最终付款额还是￥12148。,红券在你登录后点击“加入购物车”后可见。",,,2013-4-18 17:33,chncwk,https://www.jdbbs.com/thread-4696821-1-1.html
,,,比如我再买台42寸的可以用吗,2013-4-18 18:09,lucent0729,
,,比如我再买台42寸的可以用吗,可以。,2013-4-18 18:10,chncwk,
,,,那这个折扣很厉害啊 比如我再买一台42 HX650 等于4200-800-350节能补贴。。 才3050 无敌了,2013-4-18 18:56,lucent0729,
,,,LZ忘了把400补贴除掉吧？付款的时候400补贴还没给，最终付款额应该是12548.,2013-4-18 18:57,keanpan,
美的集团溢价70%合并美的电器 停牌8月今复牌,"作,者,被,禁,止,或,删,除, ,内,容,自,动,屏,蔽",,,2013-4-1 13:31,1544375596,https://www.jdbbs.com/thread-4672165-1-1.html
索尼今年的新货大量采用LG和奇美的面板?,800后缀的都是偏振式3D了。,,,2013-3-30 16:43,chncwk,https://www.jdbbs.com/thread-4671086-1-1.html
,,,活生生的退步了！,2013-3-30 17:46,Tstyle,
,,,"看2014年有没有进步, 2013年除了高端W900以上的，其他的就别太期望了。",2013-3-30 18:57,wxl193967,
,,,奇美高端屏不比三丧母差,2013-3-30 19:07,avexnet,
,,奇美高端屏不比三丧母差,"问题是中低端的都是偏振式3D, 这么搞得话，我之前买的3副 BR250 3D眼镜就没法使用了。,索尼现在搞得够黑！",2013-3-30 22:32,wxl193967,
,,,"看来hx950成了骚尼全高清机关门机了，以后要买超高清机了[s:30],X",2013-3-30 22:38,dw0425,
,,,w900也很好，就是只能流口水~！,2013-3-30 23:27,wxl193967,
更新...最美的女人....,"换了个压缩软件...,DSC01656.jpg,(75.68 KB, 下载次数: 6),下载附件,2013-3-9 21:20 上传,DSC01655.jpg,(119.14 KB, 下载次数: 6),下载附件,2013-3-9 21:20 上传,DSC01660.jpg,(74.24 KB, 下载次数: 6),下载附件,2013-3-9 21:20 上传,DSC01630.jpg,(58.76 KB, 下载次数: 6),下载附件,2013-3-9 18:59 上传,DSC01625.jpg,(83.21 KB, 下载次数: 6),下载附件,2013-3-9 18:59 上传,DSC01631.jpg,(111.46 KB, 下载次数: 6),下载附件,2013-3-9 18:59 上传,DSC01629.jpg,(105.82 KB, 下载次数: 6),下载附件,2013-3-9 18:59 上传,DSC01627.jpg,(109.14 KB, 下载次数: 6),下载附件,2013-3-9 18:59 上传,DSC01624.jpg,(151.26 KB, 下载次数: 5),下载附件,2013-3-9 18:59 上传,DSC01636.jpg,(83.5 KB, 下载次数: 6),下载附件,2013-3-9 18:59 上传,DSC01638.jpg,(107.99 KB, 下载次数: 6),下载附件,2013-3-9 18:59 上传,DSC01641.jpg,(146.11 KB, 下载次数: 6),下载附件,2013-3-9 18:59 上传,DSC01633.jpg,(118.29 KB, 下载次数: 6),下载附件,2013-3-9 18:59 上传,DSC01632.jpg,(115.31 KB, 下载次数: 6),下载附件,2013-3-9 18:59 上传,DSC01649.jpg,(81.3 KB, 下载次数: 6),下载附件,2013-3-9 18:59 上传,DSC01643.jpg,(102.18 KB, 下载次数: 6),下载附件,2013-3-9 18:59 上传,美丽吧！{:soso_e129:}{:soso_e129:}{:soso_e129:}",,,2013-3-8 22:21,毛毛的爸爸,https://www.jdbbs.com/thread-4655778-1-1.html
,,,GY老师心目中最美的女人[s:20],2013-3-8 22:38,日系电器,
,,"人生中最美的女人：,小时候",好啊写得好是这是个理！[s:21][s:20][s:20][s:20],2013-3-9 22:51,毛毛的爸爸,
,,太崇拜GGYY勒！,GGYY呢，哪儿去了...[s:31],2013-3-9 13:15,毛毛的爸爸,
,,GY老师心目中最美的女人,那个比东海深也是,2013-3-9 18:11,xiaoshen,
,,,GY老师的梦中情人,2013-3-9 18:18,xiaoshen,
,,GY老师的梦中情人,哈哈哈....[s:97][s:97][s:97][s:97][s:97],2013-3-9 19:08,毛毛的爸爸,
,,,"人生中最美的女人：,小时候,最美女人是妈妈,含辛茹苦哺育我成长,长大后,最美女人是老婆,风雨相依陪伴我左右,后来啊,最美女人是闺女,聪明乖巧乐享我天伦,而现在,最美女人是儿媳,操持家务孕育我孙儿,[s:97][s:97][s:97]",2013-3-9 22:46,彩仙,
,,那个比东海深也是,"http://www.jd-bbs.com/thread-4655836-2-1.html,21楼[s:97]",2013-3-9 22:57,日系电器,
,,,[s:18]换了压缩软件效果明显没原来好了啊,2013-3-9 22:59,日系电器,
,,,"什么电视,楼主人把这些女人射的那么爽?",2013-3-9 23:01,yddy1,
,,换了压缩软件效果明显没原来好了啊,"换回来再看看呢，有变化吗....,DSC01655.JPG,(196.73 KB, 下载次数: 4),下载附件,2013-3-9 23:25 上传,DSC01660.JPG,(118.21 KB, 下载次数: 4),下载附件,2013-3-9 23:25 上传,DSC01643.JPG,(133.96 KB, 下载次数: 4),下载附件,2013-3-9 23:25 上传",2013-3-9 23:26,毛毛的爸爸,
,,"什么电视,楼主人把这些女人射的那么爽?","本帖最后由 huangjm0630 于 2013-3-9 23:39 编辑,昨晚上在战友家吃饭时射的哈，也是日立60x101C一起入滴...[s:97]",2013-3-9 23:32,毛毛的爸爸,
,,换了压缩软件效果明显没原来好了啊,眼睛构毒滴。比较过是要差些....[s:20],2013-3-9 23:38,毛毛的爸爸,
,,换回来再看看呢，有变化吗....,明显好些了,2013-3-10 00:20,日系电器,
,,昨晚上在战友家吃饭时射的哈，也是日立60x101C一起入滴...,你是党卫军的人吗[s:31],2013-3-10 00:27,xiaoshen,
,,你是党卫军的人吗,...哈，曾经是在西藏当大兵哈[s:20],2013-3-10 00:44,毛毛的爸爸,
,,...哈，曾经是在西藏当大兵哈,[s:21]，俺也在党卫军干过,2013-3-10 00:48,xiaoshen,
,,，俺也在党卫军干过{:soso_e129:},"本帖最后由 huangjm0630 于 2013-3-10 00:57 编辑,{:soso_e183:}参加过对越自卫返击战吧{:soso_e132:}{:soso_e129:}",2013-3-10 00:54,毛毛的爸爸,
,,参加过对越自卫返击战吧,你一定参加过对印自慰反鸡战吧[s:20],2013-3-10 00:59,xiaoshen,
,,你一定参加过对印自慰反鸡战吧,哈哈....那时还在幼儿园坐街沿勒:victory:,2013-3-10 01:07,毛毛的爸爸,
,,...哈，曾经是在西藏当大兵哈,和你比不了啊:loveliness:，俺干的几个单位都是在北京，其中最远的单位1个小时之内进市区,2013-3-10 01:08,xiaoshen,
,,和你比不了啊，俺干的几个单位都是在北京，其中最远的单位1个小时之内进市区,这能比吗，我好羡慕你在首都...就留守处都能1小时内到市区。不摆了哈！[s:20],2013-3-10 01:14,毛毛的爸爸,
,,这能比吗，我好羡慕你在首都...就留守处都能1小时内到市区。不摆了哈！,你那里什么情况，当年俺同学在二连浩特边境那边，在领导的带领下，遇到走私分子决不手软[s:17]，你应该懂得,2013-3-10 01:18,xiaoshen,
,,你不要说诺，还真有点埃及艳后的风范哦！,[s:41][s:41][s:41],2013-3-10 16:03,日系电器,
,,,作者被禁止或删除 内容自动屏蔽,2013-3-10 16:03,日系电器,
,,,作者被禁止或删除 内容自动屏蔽,2013-3-10 16:03,日系电器,
【迷茫】洗衣机什么牌子好？西门子、小天鹅、还是美的，求推荐。。。。。。。。,"现在的老百姓真难啊,新房买个家电都不省心,上网搜索，各种品牌都有人说不行,都有人说用多久就坏了什么的,洗衣机本来看好的西门子，结果有人说主板电路不行，容易坏，过个一两年就要换,小天鹅吧，一样有很多问题,不知道美的怎么样，有什么好推荐吗,空调基本选格力了，不敢在网上再看评论了，不然估计又会迷茫",,,2013-2-17 15:48,陈老湿,https://www.jdbbs.com/thread-4641926-1-1.html
,,,"还有买家电是买新出的机型好,还是买旧款的好？,旧款的经过时间考验，但是怕到手的是问题机,新出的是新的，但是没有经过时间检验,矛盾啊",2013-2-17 15:49,陈老湿,
,,,波轮选松下，滚筒选西门子或LG。,2013-2-17 15:49,chncwk,
,,,滚筒的话选西门子吧,2013-2-17 15:50,土霸王,
,,,我滚筒一直都是博世，很耐用，洗得也干净。比较信赖。当然和西门子其实是一回事。,2013-2-17 15:58,晒月亮的喵,
,,,波轮选松下和三洋。,2013-2-17 16:00,yyzi,
,,,98年的海尔滚筒【3650元】到现在了一直安好。,2013-2-17 16:43,liulitai,
电商某美的55索尼，忽悠人呢还是有啥技巧啊,"一直在看各大电商的价格，昨天发现，某美的价格不错哎，索尼55ex630,  7499-600-350，相当于6549。55hx750的价格也不错，但显示无货。,55ex630显示是有货的，填了一堆单子还有节能补贴单等，提交订单，却告知无货！坑啊！,然后继续刷，到昨晚过了12点，发现价格又下调了，惊人哎——55ex630,  7199-600-350，相当于6249。55hx750是8299-600-400。,下单，当然是无货。过了几分钟再刷，此价格已经没了。然后是稍前的价格，继续无货。但630的页面一直是显示有货。,请问，是某美忽悠人呢？还是确有这样的价格，只是数量有限，抢不到？有啥技巧呢？",,,2013-1-31 09:24,钟山麓,https://www.jdbbs.com/thread-4635931-1-1.html
,,,见怪不怪微笑飘过......,2013-1-31 09:36,高手本无名,
,,,学了一招，等高手出现……,2013-1-31 09:42,chocolat,
,,,[s:11]国美好多无货。。。,2013-1-31 09:47,tanyinhua,
,,,不但无货，还不送眼镜。,2013-1-31 10:32,lenovous,
,,,玩忽悠明显国美一直是高手啊！楼主好清纯哦！[s:14],2013-1-31 12:01,蒙特拉QI3,
,,,然后是稍前的价格，http://www.diaosw.com http://www.bzwkw.com继续无货。,2013-1-31 13:43,老朱头,
,,,我们家那的烧烤龙虾店在去年的欧洲杯期间，买了个40多寸的SONY的不知道啥型号的低端，我靠，花了多少钱？被人家忽悠了1万多，我当时说你可以买他的高端的55寸3D了，能把这彩电卖出的那才叫忽悠高手啊，除非是买的人里面有猫腻，毕竟很多人一听到SONY就觉得应该贵。,2013-1-31 16:51,pink,
,,,有电商说：有价无货都是耍流氓！,2013-1-31 19:32,生活快乐,
美的年终大促销,"作,者,被,禁,止,或,删,除, ,内,容,自,动,屏,蔽",,,2013-1-26 16:44,莆田红牌电器,https://www.jdbbs.com/thread-4633494-1-1.html
美的空调好 还是格力空调好？,"作,者,被,禁,止,或,删,除, ,内,容,自,动,屏,蔽",,,2012-12-31 01:38,凝聚呀,https://www.jdbbs.com/thread-4606508-1-1.html
,,,格力的真的很不错,2012-12-31 10:15,jhtxyb,
,,,都不错。,2012-12-31 10:17,aaa53653081,
,,,格力吧。,2012-12-31 14:15,jl_jcha,
美的空调好 还是格力空调好？,"作,者,被,禁,止,或,删,除, ,内,容,自,动,屏,蔽",,,2012-12-31 01:37,凝聚呀,https://www.jdbbs.com/thread-4606507-1-1.html
美的空调反复维修无果以至于不闻不问,"作,者,被,禁,止,或,删,除, ,内,容,自,动,屏,蔽",,,2012-12-30 00:41,凝聚呀,https://www.jdbbs.com/thread-4605936-1-1.html
全球首部“全局快门CMOS”工艺的 SONY F55 4K摄影机样片下载！基本上完美的画质。,"F55  的传感器在拍摄 1080p 的时候，是 RGGB 的四个像素合并成一个 RGB逻辑像素使用。 虽然是 1080p，但实际上 800万像素全部用于采样了。 1080p/2K 的细节非常无敌了（完全不像 DSLR或一般摄像机的视频那样，偏软、偏肉）。,而且 ISO 1250的基础感光度，其低光细节非常惊人。 多数在 ISO 3200下拍摄极暗光影下的画面细节，几乎和光线充足的画面细节别无二致，而且几乎找不到任何噪点（其视频的低光下的强大 ISO能力，比目前市面上高端的全幅 SLR的单张照片的水平还强大）。,宽容度高达惊人的 14档，明、暗的层次过度非常自然，极高光部依然能展现惊人的质感。全球第一部真正的“全局电子快门CMOS” 技术的摄影机，画面不会有其它 CMOS产品那样的瑕疵。完全和 CCD的成像一模一样。,看完这部 F55 在英国拍摄的“Dig” 命名的短片后， 大家就能深切体会到什么是真正的专业级的顶级画质！,http://pan.baidu.com/share/link?shareid=140385&uk=2989018325,sony_f55_fujinon.jpg,(55.29 KB, 下载次数: 26),下载附件,2012-12-4 22:12 上传,Sony_f55_Leica_1.jpg,(57.59 KB, 下载次数: 27),下载附件,2012-12-4 22:13 上传,F55-3.jpg,(172.22 KB, 下载次数: 19),下载附件,2012-12-4 22:00 上传,F55-5.jpg,(109.41 KB, 下载次数: 22),下载附件,2012-12-4 22:02 上传,F55-7.jpg,(219.29 KB, 下载次数: 18),下载附件,2012-12-4 22:02 上传,F55-2.jpg,(191.31 KB, 下载次数: 19),下载附件,2012-12-4 22:03 上传,F55-8.jpg,(150.9 KB, 下载次数: 21),下载附件,2012-12-4 22:03 上传",,,2012-12-4 22:10,zjxs,https://www.jdbbs.com/thread-4501841-1-1.html
,,,"今日看了太平洋电脑网的尼康d5200评测，觉得尼康d5200色彩比索尼nex 6好，,高感细节比索尼好，唯一是尼康拍视频追焦比不上索尼。",2012-12-4 22:31,mk320,
,,今日看了太平洋电脑网的尼康d5200评测，觉得尼康d5200色彩比索尼nex 6好，,"本帖最后由 zjxs 于 2012-12-4 22:53 编辑,Nikon D 5200 是 2400万像素的， 它在高感方面是根本不可能和 1600万像素的 NEX-6相提并论的。 两部机器的 CMOS尺寸是相同的，都是 APS-C， D5200的像素高了那么多（D5200使用的 CMOS，就是 NEX-7上的那颗），它的单个像素点非常小了。 不可能和 NEX-6比高感的。,我截取了“太平洋”先后对 NEX-6 和 D5200 的，在相同光照条件下的，太平洋评测室中的 ISO测试图。 很明显，　D5200 的高感画质，相比 NEX-6，大约差了有 1当以上。 D 5200 在 ISO 3200时的表现，大约和 NEX-6 在 ISO 6400时差不多。,左边 NEX-6； 右边 D5200。,NEX-6-1.jpg,(103.15 KB, 下载次数: 15),下载附件,2012-12-4 22:50 上传,D5200-12800.jpg,(126.88 KB, 下载次数: 21),下载附件,2012-12-4 22:50 上传",2012-12-4 22:51,zjxs,
,,,错误：Dig.mp4 CRC校验错误，文件被破坏,2012-12-4 22:58,心灵手不巧,
,,今日看了太平洋电脑网的尼康d5200评测，觉得尼康d5200色彩比索尼nex 6好，,"本帖最后由 zjxs 于 2012-12-4 23:01 编辑,至于你说得视频， DSLR 或 微单 的视频反正再好也都是那个样，画面“肉肉”的， 严重缺乏解析度， 宽容度极差（通常只有 7--10档，高光部光线只要稍微多一点，那么画面就完全“亮成一片”，呈现“死白”），相比 F55这种数字电影机，宽容度上差基本 4档以上（相当于可分辨率的高、低光细节是：ISO 400----ISO 6400 之间的巨大差距）。,总之玩视频，偶是不愿意玩 SLR视频的。 我宁愿花 10万块去买部 PMW-F3，那画质比所有的 SLR视频强出十万八千里！",2012-12-4 22:59,zjxs,
,,错误：Dig.mp4 CRC校验错误，文件被破坏,我下载后很正常解压呀。,2012-12-4 23:02,zjxs,
,,,"楼主是摄影专家，“画面不会有其它 CMOS产品那样的瑕疵。完全和 CCD的成像一模一样。”，请教一下用CCD的尼康D3000拍照片画质是不是优于用CMOS的D3100?,似乎看到有人说D3000照片质感更好，寻求楼主大专家印证一下。",2012-12-4 23:06,MOMO2012,
,,我下载后很正常解压呀。,下了两次....分别用360和好压解压..都是这样.....很期待高质素材,2012-12-4 23:07,心灵手不巧,
,,,"画质挺好的,http://www.haikougf.com",2012-12-4 23:17,小CHEN,
,,楼主是摄影专家，“画面不会有其它 CMOS产品那样的瑕疵。完全和 CCD的成像一模一样。”，请教一下用CCD的尼 ...,"本帖最后由 zjxs 于 2012-12-4 23:43 编辑,CMOS 是“滚动快门”（Rolling shutter ），曝光是以“点”（像素点）为单位，逐行进行，前一行曝光完毕后，后一行再接着曝光。,CCD天生就是“全局快门”（Global Shutter）。它的曝光是以“帧”为单位，就是说所有像素，是在同一帧画面中同时实现曝光。,在拍摄运动物体，或摇、移镜头的时候，CMOS因为所有像素曝光时间有先后区分，所以会出现“横平、竖直”的物体，变得歪斜。 同时视频画面会出现不连贯感。,而 SONY的 F55 克服了 CMOS “滚动快门”（Rolling shutter ）的缺陷，使得 CMOS实现了和 CCD完全一样的“全局快门”（Global Shutter）技术。,至于那些说什么 CCD 和 CMOS质感有什么差异的，基本是心理作用。 以前 CMOS因为像素本身是一个信号放大器，有随即的读出噪声，所以在 S/N 上比 CCD差。但现在在 S/N方面基本已经超过CCD了。 这个已经不是问题！,当最关键的“滚动快门”缺陷被克服以后，很难再说什么 CCD和CMOS质感差异诸如此类的问题哈。,当然， 全局快门技术的 CMOS，目前只应用在专业领域（就比如 SONY F55，这是部套机价格 $45,000美圆的模块化数字电影摄影机，非普通 SLR 或摄像机所能比拟）。 民用的 DSLR 或其它产品上的 CMOS依然还是“滚动快门”的。,115524g5m36cgjks5t85c3.jpg,(84.85 KB, 下载次数: 16),下载附件,2012-12-4 23:43 上传",2012-12-4 23:28,zjxs,
,,下了两次....分别用360和好压解压..都是这样.....很期待高质素材,请用原始的 winRAR 解压试试。,2012-12-4 23:32,zjxs,
,,请用原始的 winRAR 解压试试。,好的....谢谢,2012-12-4 23:33,心灵手不巧,
,,请用原始的 winRAR 解压试试。,好的....谢谢,2012-12-4 23:33,心灵手不巧,
,,,低照度电影给我印象最深的是《U-571》，那画面真是干净、层次极其丰富，目前还没有发现能超越此片的。不知用了什么摄影机。,2012-12-4 23:55,酥哥漏底,
,,,"用好压的修复保留文件...成功解压....,F55色彩沉着感...人物描绘...物体细节....完全是靠高感器件的真功夫....非电路生挤出来的....谢LZ",2012-12-5 00:00,心灵手不巧,
,,CMOS 是“滚动快门”（Rolling shutter ），曝光是以“点”（像素点）为单位，逐行进行，前一行曝光完毕 ...,滚动式看来跟扫描仪和复印机差不多，曝光过程中对象不能动才行。,2012-12-5 00:01,chncwk,
康宝消毒柜—追求完美的内部构造,"作,者,被,禁,止,或,删,除, ,内,容,自,动,屏,蔽",,,2012-11-14 10:23,真空炉,https://www.jdbbs.com/thread-4485594-1-1.html
lg4K84寸电视太完美的,今天，吃过午饭到解放碑商社电器玩，到ＬＧ柜台看电视，发现上了８４寸的４Ｋ电视。发现这个电视太完美，太给人震撼了，画面太清楚了，画面太干净了。,,,2012-10-1 16:57,包子111,https://www.jdbbs.com/thread-4453960-1-1.html
,,,可惜现实生活中，你哪去弄4KX2K分辨率的信号源！,2012-10-1 18:02,lwlml,
,,,面包会有的,2012-11-1 08:36,包子111,
,,,"这种信号源对喜欢收藏高清片的人来说可不是个好消息,一个2T的硬盘存不了几本片子,伤脑筋[s:16]",2012-11-1 08:55,一箭中的,
,,,搞个145寸8k的，才叫NB!{:soso_e113:}{:soso_e113:},2012-11-1 09:23,klyjds2005,
,,,目前来说还是不实用啊。,2012-11-1 09:29,sy4k,
,,,最近客户单位订了台（普家欢报价15W），能家里能摆下84寸的朋友不多[s:97],2012-11-1 11:01,普家欢电器官网,
,,,一年私有客户能卖掉10台就牛逼了！4K还早呢！2K都还没有玩尽兴！,2012-11-1 12:45,蒙特拉QI3,
,,,一年私有客户能卖掉10台就牛逼了！4K还早呢！2K都还没有玩尽兴！,2012-11-1 12:46,蒙特拉QI3,
,,,"奢侈品当白菜买的人太多了,谁在乎2k,4k,有研究2k4k的时间,人家几千万进帐了",2012-11-1 14:47,阿摩罗,
,,,看来蓝光要过时了............,2012-11-1 15:01,wangxiongbo,
,,,"本帖最后由 酥哥漏底 于 2012-11-1 16:36 编辑,说完美可能夸大了，4Kled其实是带伤上阵的led",2012-11-1 16:34,酥哥漏底,
,,,这电视LG是拿出诚意的，颜色很有胶片感觉，整体的观感和所有其他的LG不是一个层次。,2012-11-1 22:26,cosco,
,,,{:soso_e144:}云终端时代，差不多到来啦,2012-11-3 09:45,广西南宁四眼,
10.13星期六上午 国美的员工内讧(呵呵...),"10.13上午 因为送儿子学围棋 闲来无事 去附近的国美看电视机 大白天的 基本上电视都没开 在我的要求下开了长虹的等离子 其中有一个导购鄙视了一下sony 说卖的比国产的还贱 瞬间惹怒了旁边的sony导购 回击到""国产的是暴利 卖出1万元的电视 导购就能拿1千元的 国产的贵在暴利......."",于是大家就互相咬了起来 sony说:用是自己研发的芯片 夏普说 用的是台湾的芯片 其中还指出三星的芯片严重的偏亮 家里看不舒服 期间sony还指出 国产的看电视效果确实是差 反正口水战就这样开始了 我一看阵势不对 就悄悄地溜走了......",,,2012-10-16 14:03,围观,https://www.jdbbs.com/thread-4463995-1-1.html
,,,本来就不是 国美自己的人,2012-10-16 14:08,pd1394,
,,,路过   进来看看,2012-10-16 14:14,jhtxyb,
,,,可惜没有视频音响否则会有热闹看。楼主也是没事挑人家打架。,2012-10-16 14:24,赤翎,
,,,明显是楼主挑起了战斗后自己先撤了。,2012-10-16 14:43,sy4k,
,,,狗咬狗的好戏到处都在上演,2012-10-16 14:53,蒙特拉QI3,
,,,楼主怎么不做好详细笔记来论坛汇报？,2012-10-16 16:26,room,
,,,促销员打架，应该不是国美员工把。[s:33],2012-10-16 16:30,kkjin,
,,,怎么不全程录像呀，可惜哦！[s:97],2012-10-16 16:56,金骏眉,
,,,还溜走呢，网友们都等着那些导购爆内幕呢,2012-10-16 17:06,zengmoxi,
,,促销员打架，应该不是国美员工把。,都是厂家的促销，没一个国美的…,2012-10-16 17:15,浇花儿,
,,,下次有这等好事，俺一定冲过去,2012-10-16 19:54,xiaoshen,
,,,干嘛要溜呀，继续“围观”嘛！,2012-10-16 20:03,xianpiao,
,,下次有这等好事，俺一定冲过去,完全不怕？这么勇敢的版主确实少见。,2012-10-16 20:06,真金白银x2,
,,完全不怕？这么勇敢的版主确实少见。,[s:89],2012-10-16 20:09,xiaoshen,
"今天买了lx540a，x美的,花了8900！！！！","看的样机是540，开的票是545，有什么区别,8900如手，加个电饭煲。",,,2012-9-29 23:17,ecco126,https://www.jdbbs.com/thread-4453280-1-1.html
,,,,2012-9-29 23:36,ecco126,
,,,[s:33],2012-9-30 10:53,ecco126,
,,,60寸?,2012-9-30 10:55,wdw360,
,,,60的,2012-9-30 11:28,ecco126,
,,,:victory:,2012-9-30 12:38,ecco126,
,,,顶,2012-9-30 14:59,ecco126,
46HX850的选择，某东和某美的选择，谢谢，题目长有人看的吗,"这两天在看46HX850，某东现在是付现金8147（已扣除350的节能补贴），送2副眼镜+HDMI线+插线板。,某美现在是付现金7988（未扣除350的节能补贴，这个是退到银行卡里的）除了正常的折扣券以外，我还有一张2000-100的券，所以是付现7988，然后350节能补贴退卡，实际付7638元，加上返利网的返利85.88元，最后付款7552元。但是什么东不送的，3D眼镜某宝上270左右一付。,索尼官方会送方镇底座或挂架两选一。,某东比某美多付595元，多送了些东西。,现在想问下，哪个比较合算呢？另外选底座还是挂架比较好，谢谢！",,,2012-9-23 14:20,sevensj,https://www.jdbbs.com/thread-4449014-1-1.html
,,,[s:33][s:33],2012-9-23 20:27,yunyang,
,,,自己顶,2012-9-24 22:30,sevensj,
,,,x东和x美价格差不多 底座稍微划得来一点 不过现在文镇底座就那样 ·····声音越来越差 还是看需要 没必要本来要挂墙上 为了个底座就放电视柜上了···,2012-9-24 22:39,beibei1944,
,,,这个底座声音一般般，同样价格买个5.1的音响更加出效果得多。,2012-9-24 23:07,chncwk,
,,,京东不是还有8000-800的卷吗，领了用上啊，用了后是7747,2012-9-25 14:06,cdhunter,
,,,用了8000-800券，实付8147元，已经扣除350的节能补贴了,2012-9-25 20:49,sevensj,
,,,你应该直接点节能补贴购买再看，SONY的机子在京东都有下单立减的，光看介绍页面不显示，加上用卷就是7747,2012-9-26 08:59,cdhunter,
